M, P, Q, R, S, OC, INC, INH_, INW_, KH, KW, strideH, strideW, padL, padR, padU, padD, mode, latency(cycles)
32,32,16,16,8,64,8,224,224,11,11,4,4,2,2,2,2,sta,70710
32,32,16,16,8,64,8,224,224,11,11,4,4,2,2,2,2,dyn,70921
32,32,16,16,8,192,64,27,27,5,5,1,1,2,2,2,2,sta,84852
32,32,16,16,8,192,64,27,27,5,5,1,1,2,2,2,2,dyn,86021
32,32,16,16,8,384,192,13,13,3,3,1,1,1,1,1,1,sta,47901
32,32,16,16,8,384,192,13,13,3,3,1,1,1,1,1,1,dyn,50504
32,32,16,16,8,256,384,13,13,3,3,1,1,1,1,1,1,sta,63802
32,32,16,16,8,256,384,13,13,3,3,1,1,1,1,1,1,dyn,67252
32,32,16,16,8,256,256,13,13,3,3,1,1,1,1,1,1,sta,42601
32,32,16,16,8,256,256,13,13,3,3,1,1,1,1,1,1,dyn,44901
32,64,16,16,8,64,8,224,224,11,11,4,4,2,2,2,2,sta,33081
32,64,16,16,8,64,8,224,224,11,11,4,4,2,2,2,2,dyn,33368
32,64,16,16,8,192,64,27,27,5,5,1,1,2,2,2,2,sta,40925
32,64,16,16,8,192,64,27,27,5,5,1,1,2,2,2,2,dyn,42353
32,64,16,16,8,384,192,13,13,3,3,1,1,1,1,1,1,sta,22221
32,64,16,16,8,384,192,13,13,3,3,1,1,1,1,1,1,dyn,25387
32,64,16,16,8,256,384,13,13,3,3,1,1,1,1,1,1,sta,29540
32,64,16,16,8,256,384,13,13,3,3,1,1,1,1,1,1,dyn,33794
32,64,16,16,8,256,256,13,13,3,3,1,1,1,1,1,1,sta,19782
32,64,16,16,8,256,256,13,13,3,3,1,1,1,1,1,1,dyn,22620
32,96,16,16,8,64,8,224,224,11,11,4,4,2,2,2,2,sta,22215
32,96,16,16,8,64,8,224,224,11,11,4,4,2,2,2,2,dyn,22391
32,96,16,16,8,192,64,27,27,5,5,1,1,2,2,2,2,sta,27430
32,96,16,16,8,192,64,27,27,5,5,1,1,2,2,2,2,dyn,28859
32,96,16,16,8,384,192,13,13,3,3,1,1,1,1,1,1,sta,14962
32,96,16,16,8,384,192,13,13,3,3,1,1,1,1,1,1,dyn,18096
32,96,16,16,8,256,384,13,13,3,3,1,1,1,1,1,1,sta,19841
32,96,16,16,8,256,384,13,13,3,3,1,1,1,1,1,1,dyn,24061
32,96,16,16,8,256,256,13,13,3,3,1,1,1,1,1,1,sta,13336
32,96,16,16,8,256,256,13,13,3,3,1,1,1,1,1,1,dyn,16144
64,64,16,16,8,128,8,224,224,11,11,4,4,2,2,2,2,sta,33104
64,64,16,16,8,128,8,224,224,11,11,4,4,2,2,2,2,dyn,34323
64,64,16,16,8,256,64,27,27,5,5,1,1,2,2,2,2,sta,27394
64,64,16,16,8,256,64,27,27,5,5,1,1,2,2,2,2,dyn,31589
64,64,16,16,8,384,192,13,13,3,3,1,1,1,1,1,1,sta,11266
64,64,16,16,8,384,192,13,13,3,3,1,1,1,1,1,1,dyn,18100
64,64,16,16,8,256,384,13,13,3,3,1,1,1,1,1,1,sta,14926
64,64,16,16,8,256,384,13,13,3,3,1,1,1,1,1,1,dyn,24141
64,64,16,16,8,256,256,13,13,3,3,1,1,1,1,1,1,sta,10047
64,64,16,16,8,256,256,13,13,3,3,1,1,1,1,1,1,dyn,16177
32,32,16,16,8,64,8,299,299,3,3,2,2,0,0,0,0,sta,38511
32,32,16,16,8,64,8,299,299,3,3,2,2,0,0,0,0,dyn,38514
32,32,16,16,8,64,32,149,149,3,3,1,1,0,0,0,0,sta,149483
32,32,16,16,8,64,32,149,149,3,3,1,1,0,0,0,0,dyn,149529
32,32,16,16,8,64,32,147,147,3,3,1,1,1,1,1,1,sta,149483
32,32,16,16,8,64,32,147,147,3,3,1,1,1,1,1,1,dyn,149532
32,32,16,16,8,128,64,73,73,1,1,1,1,0,0,0,0,sta,16591
32,32,16,16,8,128,64,73,73,1,1,1,1,0,0,0,0,dyn,16602
32,32,16,16,8,192,80,73,73,3,3,1,1,0,0,0,0,sta,261886
32,32,16,16,8,192,80,73,73,3,3,1,1,0,0,0,0,dyn,262404
32,32,16,16,8,64,192,35,35,1,1,1,1,0,0,0,0,sta,5939
32,32,16,16,8,64,192,35,35,1,1,1,1,0,0,0,0,dyn,5965
32,32,16,16,8,64,48,35,35,5,5,1,1,2,2,2,2,sta,36084
32,32,16,16,8,64,48,35,35,5,5,1,1,2,2,2,2,dyn,36378
32,32,16,16,8,128,64,35,35,3,3,1,1,1,1,1,1,sta,34652
32,32,16,16,8,128,64,35,35,3,3,1,1,1,1,1,1,dyn,34935
32,32,16,16,8,128,96,35,35,3,3,1,1,1,1,1,1,sta,51876
32,32,16,16,8,128,96,35,35,3,3,1,1,1,1,1,1,dyn,52293
32,32,16,16,8,64,256,35,35,1,1,1,1,0,0,0,0,sta,7854
32,32,16,16,8,64,256,35,35,1,1,1,1,0,0,0,0,dyn,7895
32,32,16,16,8,64,288,35,35,1,1,1,1,0,0,0,0,sta,8816
32,32,16,16,8,64,288,35,35,1,1,1,1,0,0,0,0,dyn,8934
32,32,16,16,8,384,288,35,35,3,3,2,2,0,0,0,0,sta,119443
32,32,16,16,8,384,288,35,35,3,3,2,2,0,0,0,0,dyn,123335
32,32,16,16,8,128,96,35,35,3,3,2,2,0,0,0,0,sta,13453
32,32,16,16,8,128,96,35,35,3,3,2,2,0,0,0,0,dyn,13872
32,32,16,16,8,192,768,17,17,1,1,1,1,0,0,0,0,sta,17867
32,32,16,16,8,192,768,17,17,1,1,1,1,0,0,0,0,dyn,18416
32,32,16,16,8,128,768,17,17,1,1,1,1,0,0,0,0,sta,11977
32,32,16,16,8,128,768,17,17,1,1,1,1,0,0,0,0,dyn,12353
32,32,16,16,8,128,128,17,17,1,7,1,1,3,3,0,0,sta,13943
32,32,16,16,8,128,128,17,17,1,7,1,1,3,3,0,0,dyn,14378
32,32,16,16,8,128,128,17,17,7,1,1,1,0,0,3,3,sta,13941
32,32,16,16,8,128,128,17,17,7,1,1,1,0,0,3,3,dyn,14371
32,32,16,16,8,192,128,17,17,7,1,1,1,0,0,3,3,sta,20813
32,32,16,16,8,192,128,17,17,7,1,1,1,0,0,3,3,dyn,21481
32,32,16,16,8,192,128,17,17,1,7,1,1,3,3,0,0,sta,20808
32,32,16,16,8,192,128,17,17,1,7,1,1,3,3,0,0,dyn,21457
32,32,16,16,8,192,160,17,17,1,7,1,1,3,3,0,0,sta,25965
32,32,16,16,8,192,160,17,17,1,7,1,1,3,3,0,0,dyn,26786
32,32,16,16,8,192,160,17,17,7,1,1,1,0,0,3,3,sta,25968
32,32,16,16,8,192,160,17,17,7,1,1,1,0,0,3,3,dyn,26790
32,32,16,16,8,192,192,17,17,1,7,1,1,3,3,0,0,sta,31113
32,32,16,16,8,192,192,17,17,1,7,1,1,3,3,0,0,dyn,32113
32,32,16,16,8,192,192,17,17,7,1,1,1,0,0,3,3,sta,31115
32,32,16,16,8,192,192,17,17,7,1,1,1,0,0,3,3,dyn,32105
32,32,16,16,8,320,192,17,17,3,3,2,2,0,0,0,0,sta,13452
32,32,16,16,8,320,192,17,17,3,3,2,2,0,0,0,0,dyn,15631
32,32,16,16,8,192,192,17,17,3,3,2,2,0,0,0,0,sta,8148
32,32,16,16,8,192,192,17,17,3,3,2,2,0,0,0,0,dyn,9413
32,32,16,16,8,320,1280,8,8,1,1,1,1,0,0,0,0,sta,10011
32,32,16,16,8,320,1280,8,8,1,1,1,1,0,0,0,0,dyn,11586
32,32,16,16,8,384,1280,8,8,1,1,1,1,0,0,0,0,sta,11976
32,32,16,16,8,384,1280,8,8,1,1,1,1,0,0,0,0,dyn,13880
32,32,16,16,8,448,1280,8,8,1,1,1,1,0,0,0,0,sta,13933
32,32,16,16,8,448,1280,8,8,1,1,1,1,0,0,0,0,dyn,16189
32,32,16,16,8,384,384,8,8,1,3,1,1,1,1,0,0,sta,10806
32,32,16,16,8,384,384,8,8,1,3,1,1,1,1,0,0,dyn,12492
32,32,16,16,8,384,384,8,8,3,1,1,1,0,0,1,1,sta,10804
32,32,16,16,8,384,384,8,8,3,1,1,1,0,0,1,1,dyn,12496
32,32,16,16,8,384,448,8,8,3,3,1,1,1,1,1,1,sta,37300
32,32,16,16,8,384,448,8,8,3,3,1,1,1,1,1,1,dyn,43346
32,32,16,16,8,192,1280,8,8,1,1,1,1,0,0,0,0,sta,6086
32,32,16,16,8,192,1280,8,8,1,1,1,1,0,0,0,0,dyn,7032
32,32,16,16,8,320,2048,8,8,1,1,1,1,0,0,0,0,sta,15900
32,32,16,16,8,320,2048,8,8,1,1,1,1,0,0,0,0,dyn,18445
32,32,16,16,8,384,2048,8,8,1,1,1,1,0,0,0,0,sta,19042
32,32,16,16,8,384,2048,8,8,1,1,1,1,0,0,0,0,dyn,22100
32,32,16,16,8,448,2048,8,8,1,1,1,1,0,0,0,0,sta,22185
32,32,16,16,8,448,2048,8,8,1,1,1,1,0,0,0,0,dyn,25746
32,32,16,16,8,192,2048,8,8,1,1,1,1,0,0,0,0,sta,9623
32,32,16,16,8,192,2048,8,8,1,1,1,1,0,0,0,0,dyn,11135
32,64,16,16,8,64,8,299,299,3,3,2,2,0,0,0,0,sta,19408
32,64,16,16,8,64,8,299,299,3,3,2,2,0,0,0,0,dyn,19407
32,64,16,16,8,64,32,149,149,3,3,1,1,0,0,0,0,sta,68979
32,64,16,16,8,64,32,149,149,3,3,1,1,0,0,0,0,dyn,69008
32,64,16,16,8,64,32,147,147,3,3,1,1,1,1,1,1,sta,68979
32,64,16,16,8,64,32,147,147,3,3,1,1,1,1,1,1,dyn,69069
32,64,16,16,8,128,64,73,73,1,1,1,1,0,0,0,0,sta,7855
32,64,16,16,8,128,64,73,73,1,1,1,1,0,0,0,0,dyn,7855
32,64,16,16,8,192,80,73,73,3,3,1,1,0,0,0,0,sta,120717
32,64,16,16,8,192,80,73,73,3,3,1,1,0,0,0,0,dyn,121335
32,64,16,16,8,64,192,35,35,1,1,1,1,0,0,0,0,sta,2976
32,64,16,16,8,64,192,35,35,1,1,1,1,0,0,0,0,dyn,2979
32,64,16,16,8,64,48,35,35,5,5,1,1,2,2,2,2,sta,17207
32,64,16,16,8,64,48,35,35,5,5,1,1,2,2,2,2,dyn,17543
32,64,16,16,8,128,64,35,35,3,3,1,1,1,1,1,1,sta,16529
32,64,16,16,8,128,64,35,35,3,3,1,1,1,1,1,1,dyn,16881
32,64,16,16,8,128,96,35,35,3,3,1,1,1,1,1,1,sta,24661
32,64,16,16,8,128,96,35,35,3,3,1,1,1,1,1,1,dyn,25162
32,64,16,16,8,64,256,35,35,1,1,1,1,0,0,0,0,sta,3880
32,64,16,16,8,64,256,35,35,1,1,1,1,0,0,0,0,dyn,3901
32,64,16,16,8,64,288,35,35,1,1,1,1,0,0,0,0,sta,4331
32,64,16,16,8,64,288,35,35,1,1,1,1,0,0,0,0,dyn,4364
32,64,16,16,8,384,288,35,35,3,3,2,2,0,0,0,0,sta,55157
32,64,16,16,8,384,288,35,35,3,3,2,2,0,0,0,0,dyn,59959
32,64,16,16,8,128,96,35,35,3,3,2,2,0,0,0,0,sta,6366
32,64,16,16,8,128,96,35,35,3,3,2,2,0,0,0,0,dyn,6855
32,64,16,16,8,192,768,17,17,1,1,1,1,0,0,0,0,sta,8397
32,64,16,16,8,192,768,17,17,1,1,1,1,0,0,0,0,dyn,9121
32,64,16,16,8,128,768,17,17,1,1,1,1,0,0,0,0,sta,5687
32,64,16,16,8,128,768,17,17,1,1,1,1,0,0,0,0,dyn,6121
32,64,16,16,8,128,128,17,17,1,7,1,1,3,3,0,0,sta,6590
32,64,16,16,8,128,128,17,17,1,7,1,1,3,3,0,0,dyn,7100
32,64,16,16,8,128,128,17,17,7,1,1,1,0,0,3,3,sta,6590
32,64,16,16,8,128,128,17,17,7,1,1,1,0,0,3,3,dyn,7102
32,64,16,16,8,192,128,17,17,7,1,1,1,0,0,3,3,sta,9753
32,64,16,16,8,192,128,17,17,7,1,1,1,0,0,3,3,dyn,10611
32,64,16,16,8,192,128,17,17,1,7,1,1,3,3,0,0,sta,9753
32,64,16,16,8,192,128,17,17,1,7,1,1,3,3,0,0,dyn,10559
32,64,16,16,8,192,160,17,17,1,7,1,1,3,3,0,0,sta,12125
32,64,16,16,8,192,160,17,17,1,7,1,1,3,3,0,0,dyn,13141
32,64,16,16,8,192,160,17,17,7,1,1,1,0,0,3,3,sta,12125
32,64,16,16,8,192,160,17,17,7,1,1,1,0,0,3,3,dyn,13092
32,64,16,16,8,192,192,17,17,1,7,1,1,3,3,0,0,sta,14496
32,64,16,16,8,192,192,17,17,1,7,1,1,3,3,0,0,dyn,15697
32,64,16,16,8,192,192,17,17,7,1,1,1,0,0,3,3,sta,14496
32,64,16,16,8,192,192,17,17,7,1,1,1,0,0,3,3,dyn,15696
32,64,16,16,8,320,192,17,17,3,3,2,2,0,0,0,0,sta,6367
32,64,16,16,8,320,192,17,17,3,3,2,2,0,0,0,0,dyn,8989
32,64,16,16,8,192,192,17,17,3,3,2,2,0,0,0,0,sta,3928
32,64,16,16,8,192,192,17,17,3,3,2,2,0,0,0,0,dyn,5509
32,64,16,16,8,320,1280,8,8,1,1,1,1,0,0,0,0,sta,4783
32,64,16,16,8,320,1280,8,8,1,1,1,1,0,0,0,0,dyn,6716
32,64,16,16,8,384,1280,8,8,1,1,1,1,0,0,0,0,sta,5687
32,64,16,16,8,384,1280,8,8,1,1,1,1,0,0,0,0,dyn,8026
32,64,16,16,8,448,1280,8,8,1,1,1,1,0,0,0,0,sta,6590
32,64,16,16,8,448,1280,8,8,1,1,1,1,0,0,0,0,dyn,9308
32,64,16,16,8,384,384,8,8,1,3,1,1,1,1,0,0,sta,5145
32,64,16,16,8,384,384,8,8,1,3,1,1,1,1,0,0,dyn,7224
32,64,16,16,8,384,384,8,8,3,1,1,1,0,0,1,1,sta,5145
32,64,16,16,8,384,384,8,8,3,1,1,1,0,0,1,1,dyn,7228
32,64,16,16,8,384,448,8,8,3,3,1,1,1,1,1,1,sta,17342
32,64,16,16,8,384,448,8,8,3,3,1,1,1,1,1,1,dyn,24852
32,64,16,16,8,192,1280,8,8,1,1,1,1,0,0,0,0,sta,2976
32,64,16,16,8,192,1280,8,8,1,1,1,1,0,0,0,0,dyn,4125
32,64,16,16,8,320,2048,8,8,1,1,1,1,0,0,0,0,sta,7494
32,64,16,16,8,320,2048,8,8,1,1,1,1,0,0,0,0,dyn,10620
32,64,16,16,8,384,2048,8,8,1,1,1,1,0,0,0,0,sta,8939
32,64,16,16,8,384,2048,8,8,1,1,1,1,0,0,0,0,dyn,12734
32,64,16,16,8,448,2048,8,8,1,1,1,1,0,0,0,0,sta,10385
32,64,16,16,8,448,2048,8,8,1,1,1,1,0,0,0,0,dyn,14844
32,64,16,16,8,192,2048,8,8,1,1,1,1,0,0,0,0,sta,4603
32,64,16,16,8,192,2048,8,8,1,1,1,1,0,0,0,0,dyn,6456
32,96,16,16,8,64,8,299,299,3,3,2,2,0,0,0,0,sta,14973
32,96,16,16,8,64,8,299,299,3,3,2,2,0,0,0,0,dyn,14973
32,96,16,16,8,64,32,149,149,3,3,1,1,0,0,0,0,sta,46269
32,96,16,16,8,64,32,149,149,3,3,1,1,0,0,0,0,dyn,46270
32,96,16,16,8,64,32,147,147,3,3,1,1,1,1,1,1,sta,46269
32,96,16,16,8,64,32,147,147,3,3,1,1,1,1,1,1,dyn,46270
32,96,16,16,8,128,64,73,73,1,1,1,1,0,0,0,0,sta,5698
32,96,16,16,8,128,64,73,73,1,1,1,1,0,0,0,0,dyn,5698
32,96,16,16,8,192,80,73,73,3,3,1,1,0,0,0,0,sta,81134
32,96,16,16,8,192,80,73,73,3,3,1,1,0,0,0,0,dyn,81719
32,96,16,16,8,64,192,35,35,1,1,1,1,0,0,0,0,sta,2201
32,96,16,16,8,64,192,35,35,1,1,1,1,0,0,0,0,dyn,2201
32,96,16,16,8,64,48,35,35,5,5,1,1,2,2,2,2,sta,11337
32,96,16,16,8,64,48,35,35,5,5,1,1,2,2,2,2,dyn,11642
32,96,16,16,8,128,64,35,35,3,3,1,1,1,1,1,1,sta,10896
32,96,16,16,8,128,64,35,35,3,3,1,1,1,1,1,1,dyn,11183
32,96,16,16,8,128,96,35,35,3,3,1,1,1,1,1,1,sta,16182
32,96,16,16,8,128,96,35,35,3,3,1,1,1,1,1,1,dyn,16638
32,96,16,16,8,64,256,35,35,1,1,1,1,0,0,0,0,sta,2823
32,96,16,16,8,64,256,35,35,1,1,1,1,0,0,0,0,dyn,2822
32,96,16,16,8,64,288,35,35,1,1,1,1,0,0,0,0,sta,3133
32,96,16,16,8,64,288,35,35,1,1,1,1,0,0,0,0,dyn,3133
32,96,16,16,8,384,288,35,35,3,3,2,2,0,0,0,0,sta,44247
32,96,16,16,8,384,288,35,35,3,3,2,2,0,0,0,0,dyn,49092
32,96,16,16,8,128,96,35,35,3,3,2,2,0,0,0,0,sta,5215
32,96,16,16,8,128,96,35,35,3,3,2,2,0,0,0,0,dyn,5664
32,96,16,16,8,192,768,17,17,1,1,1,1,0,0,0,0,sta,6856
32,96,16,16,8,192,768,17,17,1,1,1,1,0,0,0,0,dyn,7457
32,96,16,16,8,128,768,17,17,1,1,1,1,0,0,0,0,sta,4688
32,96,16,16,8,128,768,17,17,1,1,1,1,0,0,0,0,dyn,5060
32,96,16,16,8,128,128,17,17,1,7,1,1,3,3,0,0,sta,5384
32,96,16,16,8,128,128,17,17,1,7,1,1,3,3,0,0,dyn,5859
32,96,16,16,8,128,128,17,17,7,1,1,1,0,0,3,3,sta,5385
32,96,16,16,8,128,128,17,17,7,1,1,1,0,0,3,3,dyn,5862
32,96,16,16,8,192,128,17,17,7,1,1,1,0,0,3,3,sta,7914
32,96,16,16,8,192,128,17,17,7,1,1,1,0,0,3,3,dyn,8696
32,96,16,16,8,192,128,17,17,1,7,1,1,3,3,0,0,sta,7915
32,96,16,16,8,192,128,17,17,1,7,1,1,3,3,0,0,dyn,8695
32,96,16,16,8,192,160,17,17,1,7,1,1,3,3,0,0,sta,9812
32,96,16,16,8,192,160,17,17,1,7,1,1,3,3,0,0,dyn,10781
32,96,16,16,8,192,160,17,17,7,1,1,1,0,0,3,3,sta,9812
32,96,16,16,8,192,160,17,17,7,1,1,1,0,0,3,3,dyn,10786
32,96,16,16,8,192,192,17,17,1,7,1,1,3,3,0,0,sta,11709
32,96,16,16,8,192,192,17,17,1,7,1,1,3,3,0,0,dyn,12880
32,96,16,16,8,192,192,17,17,7,1,1,1,0,0,3,3,sta,11709
32,96,16,16,8,192,192,17,17,7,1,1,1,0,0,3,3,dyn,12890
32,96,16,16,8,320,192,17,17,3,3,2,2,0,0,0,0,sta,6426
32,96,16,16,8,320,192,17,17,3,3,2,2,0,0,0,0,dyn,9049
32,96,16,16,8,192,192,17,17,3,3,2,2,0,0,0,0,sta,3987
32,96,16,16,8,192,192,17,17,3,3,2,2,0,0,0,0,dyn,5496
32,96,16,16,8,320,1280,8,8,1,1,1,1,0,0,0,0,sta,4842
32,96,16,16,8,320,1280,8,8,1,1,1,1,0,0,0,0,dyn,6750
32,96,16,16,8,384,1280,8,8,1,1,1,1,0,0,0,0,sta,5746
32,96,16,16,8,384,1280,8,8,1,1,1,1,0,0,0,0,dyn,8056
32,96,16,16,8,448,1280,8,8,1,1,1,1,0,0,0,0,sta,6649
32,96,16,16,8,448,1280,8,8,1,1,1,1,0,0,0,0,dyn,9365
32,96,16,16,8,384,384,8,8,1,3,1,1,1,1,0,0,sta,5204
32,96,16,16,8,384,384,8,8,1,3,1,1,1,1,0,0,dyn,7289
32,96,16,16,8,384,384,8,8,3,1,1,1,0,0,1,1,sta,5204
32,96,16,16,8,384,384,8,8,3,1,1,1,0,0,1,1,dyn,7251
32,96,16,16,8,384,448,8,8,3,3,1,1,1,1,1,1,sta,17402
32,96,16,16,8,384,448,8,8,3,3,1,1,1,1,1,1,dyn,24854
32,96,16,16,8,192,1280,8,8,1,1,1,1,0,0,0,0,sta,3035
32,96,16,16,8,192,1280,8,8,1,1,1,1,0,0,0,0,dyn,4148
32,96,16,16,8,320,2048,8,8,1,1,1,1,0,0,0,0,sta,7553
32,96,16,16,8,320,2048,8,8,1,1,1,1,0,0,0,0,dyn,10650
32,96,16,16,8,384,2048,8,8,1,1,1,1,0,0,0,0,sta,8999
32,96,16,16,8,384,2048,8,8,1,1,1,1,0,0,0,0,dyn,12729
32,96,16,16,8,448,2048,8,8,1,1,1,1,0,0,0,0,sta,10444
32,96,16,16,8,448,2048,8,8,1,1,1,1,0,0,0,0,dyn,14819
32,96,16,16,8,192,2048,8,8,1,1,1,1,0,0,0,0,sta,4661
32,96,16,16,8,192,2048,8,8,1,1,1,1,0,0,0,0,dyn,6487
64,64,16,16,8,128,8,299,299,3,3,2,2,0,0,0,0,sta,22484
64,64,16,16,8,128,8,299,299,3,3,2,2,0,0,0,0,dyn,22524
64,64,16,16,8,128,32,149,149,3,3,1,1,0,0,0,0,sta,69002
64,64,16,16,8,128,32,149,149,3,3,1,1,0,0,0,0,dyn,69322
64,64,16,16,8,128,32,147,147,3,3,1,1,1,1,1,1,sta,69002
64,64,16,16,8,128,32,147,147,3,3,1,1,1,1,1,1,dyn,69322
64,64,16,16,8,128,64,73,73,1,1,1,1,0,0,0,0,sta,5646
64,64,16,16,8,128,64,73,73,1,1,1,1,0,0,0,0,dyn,5676
64,64,16,16,8,256,80,73,73,3,3,1,1,0,0,0,0,sta,80590
64,64,16,16,8,256,80,73,73,3,3,1,1,0,0,0,0,dyn,82466
64,64,16,16,8,128,192,35,35,1,1,1,1,0,0,0,0,sta,2999
64,64,16,16,8,128,192,35,35,1,1,1,1,0,0,0,0,dyn,3193
64,64,16,16,8,128,48,35,35,5,5,1,1,2,2,2,2,sta,17230
64,64,16,16,8,128,48,35,35,5,5,1,1,2,2,2,2,dyn,18761
64,64,16,16,8,128,64,35,35,3,3,1,1,1,1,1,1,sta,8420
64,64,16,16,8,128,64,35,35,3,3,1,1,1,1,1,1,dyn,9148
64,64,16,16,8,128,96,35,35,3,3,1,1,1,1,1,1,sta,12486
64,64,16,16,8,128,96,35,35,3,3,1,1,1,1,1,1,dyn,13589
64,64,16,16,8,128,256,35,35,1,1,1,1,0,0,0,0,sta,3903
64,64,16,16,8,128,256,35,35,1,1,1,1,0,0,0,0,dyn,4248
64,64,16,16,8,128,288,35,35,1,1,1,1,0,0,0,0,sta,4355
64,64,16,16,8,128,288,35,35,1,1,1,1,0,0,0,0,dyn,4731
64,64,16,16,8,384,288,35,35,3,3,2,2,0,0,0,0,sta,27735
64,64,16,16,8,384,288,35,35,3,3,2,2,0,0,0,0,dyn,38016
64,64,16,16,8,128,96,35,35,3,3,2,2,0,0,0,0,sta,3340
64,64,16,16,8,128,96,35,35,3,3,2,2,0,0,0,0,dyn,4476
64,64,16,16,8,256,768,17,17,1,1,1,1,0,0,0,0,sta,5710
64,64,16,16,8,256,768,17,17,1,1,1,1,0,0,0,0,dyn,7680
64,64,16,16,8,128,768,17,17,1,1,1,1,0,0,0,0,sta,2999
64,64,16,16,8,128,768,17,17,1,1,1,1,0,0,0,0,dyn,3974
64,64,16,16,8,128,128,17,17,1,7,1,1,3,3,0,0,sta,3451
64,64,16,16,8,128,128,17,17,1,7,1,1,3,3,0,0,dyn,4594
64,64,16,16,8,128,128,17,17,7,1,1,1,0,0,3,3,sta,3451
64,64,16,16,8,128,128,17,17,7,1,1,1,0,0,3,3,dyn,4594
64,64,16,16,8,256,128,17,17,7,1,1,1,0,0,3,3,sta,6613
64,64,16,16,8,256,128,17,17,7,1,1,1,0,0,3,3,dyn,8914
64,64,16,16,8,256,128,17,17,1,7,1,1,3,3,0,0,sta,6614
64,64,16,16,8,256,128,17,17,1,7,1,1,3,3,0,0,dyn,8944
64,64,16,16,8,256,160,17,17,1,7,1,1,3,3,0,0,sta,8194
64,64,16,16,8,256,160,17,17,1,7,1,1,3,3,0,0,dyn,11116
64,64,16,16,8,256,160,17,17,7,1,1,1,0,0,3,3,sta,8195
64,64,16,16,8,256,160,17,17,7,1,1,1,0,0,3,3,dyn,11116
64,64,16,16,8,256,192,17,17,1,7,1,1,3,3,0,0,sta,9776
64,64,16,16,8,256,192,17,17,1,7,1,1,3,3,0,0,dyn,13345
64,64,16,16,8,256,192,17,17,7,1,1,1,0,0,3,3,sta,9776
64,64,16,16,8,256,192,17,17,7,1,1,1,0,0,3,3,dyn,13304
64,64,16,16,8,384,192,17,17,3,3,2,2,0,0,0,0,sta,3951
64,64,16,16,8,384,192,17,17,3,3,2,2,0,0,0,0,dyn,10815
64,64,16,16,8,256,192,17,17,3,3,2,2,0,0,0,0,sta,2731
64,64,16,16,8,256,192,17,17,3,3,2,2,0,0,0,0,dyn,7296
64,64,16,16,8,384,1280,8,8,1,1,1,1,0,0,0,0,sta,2999
64,64,16,16,8,384,1280,8,8,1,1,1,1,0,0,0,0,dyn,8068
64,64,16,16,8,512,1280,8,8,1,1,1,1,0,0,0,0,sta,3903
64,64,16,16,8,512,1280,8,8,1,1,1,1,0,0,0,0,dyn,10647
64,64,16,16,8,384,384,8,8,1,3,1,1,1,1,0,0,sta,2728
64,64,16,16,8,384,384,8,8,1,3,1,1,1,1,0,0,dyn,7288
64,64,16,16,8,384,384,8,8,3,1,1,1,0,0,1,1,sta,2728
64,64,16,16,8,384,384,8,8,3,1,1,1,0,0,1,1,dyn,7254
64,64,16,16,8,384,448,8,8,3,3,1,1,1,1,1,1,sta,8827
64,64,16,16,8,384,448,8,8,3,3,1,1,1,1,1,1,dyn,24927
64,64,16,16,8,256,1280,8,8,1,1,1,1,0,0,0,0,sta,2096
64,64,16,16,8,256,1280,8,8,1,1,1,1,0,0,0,0,dyn,5493
64,64,16,16,8,384,2048,8,8,1,1,1,1,0,0,0,0,sta,4625
64,64,16,16,8,384,2048,8,8,1,1,1,1,0,0,0,0,dyn,12801
64,64,16,16,8,512,2048,8,8,1,1,1,1,0,0,0,0,sta,6071
64,64,16,16,8,512,2048,8,8,1,1,1,1,0,0,0,0,dyn,16907
64,64,16,16,8,256,2048,8,8,1,1,1,1,0,0,0,0,sta,3180
64,64,16,16,8,256,2048,8,8,1,1,1,1,0,0,0,0,dyn,8561
32,32,16,16,8,128,64,147,147,3,3,2,2,0,0,0,0,sta,147718
32,32,16,16,8,128,64,147,147,3,3,2,2,0,0,0,0,dyn,148053
32,32,16,16,8,64,160,73,73,1,1,1,1,0,0,0,0,sta,20690
32,32,16,16,8,64,160,73,73,1,1,1,1,0,0,0,0,dyn,20706
32,32,16,16,8,128,64,73,73,3,3,1,1,0,0,0,0,sta,139762
32,32,16,16,8,128,64,73,73,3,3,1,1,0,0,0,0,dyn,140015
32,32,16,16,8,64,64,73,73,1,7,1,1,3,3,0,0,sta,57566
32,32,16,16,8,64,64,73,73,1,7,1,1,3,3,0,0,dyn,57651
32,32,16,16,8,64,64,73,73,7,1,1,1,0,0,3,3,sta,57565
32,32,16,16,8,64,64,73,73,7,1,1,1,0,0,3,3,dyn,57697
32,32,16,16,8,192,192,71,71,3,3,2,2,0,0,0,0,sta,155220
32,32,16,16,8,192,192,71,71,3,3,2,2,0,0,0,0,dyn,156515
32,32,16,16,8,128,384,35,35,1,1,1,1,0,0,0,0,sta,23170
32,32,16,16,8,128,384,35,35,1,1,1,1,0,0,0,0,dyn,23327
32,32,16,16,8,64,384,35,35,1,1,1,1,0,0,0,0,sta,11684
32,32,16,16,8,64,384,35,35,1,1,1,1,0,0,0,0,dyn,11753
32,32,16,16,8,384,384,35,35,3,3,2,2,0,0,0,0,sta,159194
32,32,16,16,8,384,384,35,35,3,3,2,2,0,0,0,0,dyn,164398
32,32,16,16,8,192,384,35,35,1,1,1,1,0,0,0,0,sta,34652
32,32,16,16,8,192,384,35,35,1,1,1,1,0,0,0,0,dyn,34932
32,32,16,16,8,256,192,35,35,3,3,1,1,1,1,1,1,sta,206901
32,32,16,16,8,256,192,35,35,3,3,1,1,1,1,1,1,dyn,208595
32,32,16,16,8,256,224,35,35,3,3,2,2,0,0,0,0,sta,62033
32,32,16,16,8,256,224,35,35,3,3,2,2,0,0,0,0,dyn,64029
32,32,16,16,8,384,1024,17,17,1,1,1,1,0,0,0,0,sta,47313
32,32,16,16,8,384,1024,17,17,1,1,1,1,0,0,0,0,dyn,48836
32,32,16,16,8,192,1024,17,17,1,1,1,1,0,0,0,0,sta,23758
32,32,16,16,8,192,1024,17,17,1,1,1,1,0,0,0,0,dyn,24520
32,32,16,16,8,256,192,17,17,1,7,1,1,3,3,0,0,sta,41423
32,32,16,16,8,256,192,17,17,1,7,1,1,3,3,0,0,dyn,42805
32,32,16,16,8,128,1024,17,17,1,1,1,1,0,0,0,0,sta,15902
32,32,16,16,8,128,1024,17,17,1,1,1,1,0,0,0,0,dyn,16394
32,32,16,16,8,256,224,17,17,7,1,1,1,0,0,3,3,sta,48294
32,32,16,16,8,256,224,17,17,7,1,1,1,0,0,3,3,dyn,49844
32,32,16,16,8,256,224,17,17,1,7,1,1,3,3,0,0,sta,48293
32,32,16,16,8,256,224,17,17,1,7,1,1,3,3,0,0,dyn,49829
32,32,16,16,8,256,1024,17,17,1,1,1,1,0,0,0,0,sta,31610
32,32,16,16,8,256,1024,17,17,1,1,1,1,0,0,0,0,dyn,32698
32,32,16,16,8,256,256,17,17,1,7,1,1,3,3,0,0,sta,55162
32,32,16,16,8,256,256,17,17,1,7,1,1,3,3,0,0,dyn,56917
32,32,16,16,8,320,256,17,17,7,1,1,1,0,0,3,3,sta,68896
32,32,16,16,8,320,256,17,17,7,1,1,1,0,0,3,3,dyn,71149
32,32,16,16,8,320,320,17,17,3,3,2,2,0,0,0,0,sta,22283
32,32,16,16,8,320,320,17,17,3,3,2,2,0,0,0,0,dyn,25935
32,32,16,16,8,256,1536,8,8,1,1,1,1,0,0,0,0,sta,9621
32,32,16,16,8,256,1536,8,8,1,1,1,1,0,0,0,0,dyn,11134
32,32,16,16,8,384,1536,8,8,1,1,1,1,0,0,0,0,sta,14332
32,32,16,16,8,384,1536,8,8,1,1,1,1,0,0,0,0,dyn,16641
32,32,16,16,8,256,384,8,8,1,3,1,1,1,1,0,0,sta,7270
32,32,16,16,8,256,384,8,8,1,3,1,1,1,1,0,0,dyn,8388
32,32,16,16,8,256,384,8,8,3,1,1,1,0,0,1,1,sta,7267
32,32,16,16,8,256,384,8,8,3,1,1,1,0,0,1,1,dyn,8417
32,32,16,16,8,448,384,8,8,3,1,1,1,0,0,1,1,sta,12570
32,32,16,16,8,448,384,8,8,3,1,1,1,0,0,1,1,dyn,14568
32,32,16,16,8,512,448,8,8,1,3,1,1,1,1,0,0,sta,16689
32,32,16,16,8,512,448,8,8,1,3,1,1,1,1,0,0,dyn,19348
32,32,16,16,8,256,512,8,8,1,3,1,1,1,1,0,0,sta,9621
32,32,16,16,8,256,512,8,8,1,3,1,1,1,1,0,0,dyn,11147
32,32,16,16,8,256,512,8,8,3,1,1,1,0,0,1,1,sta,9623
32,32,16,16,8,256,512,8,8,3,1,1,1,0,0,1,1,dyn,11141
32,64,16,16,8,128,64,147,147,3,3,2,2,0,0,0,0,sta,68572
32,64,16,16,8,128,64,147,147,3,3,2,2,0,0,0,0,dyn,68858
32,64,16,16,8,64,160,73,73,1,1,1,1,0,0,0,0,sta,9753
32,64,16,16,8,64,160,73,73,1,1,1,1,0,0,0,0,dyn,9753
32,64,16,16,8,128,64,73,73,3,3,1,1,0,0,0,0,sta,64506
32,64,16,16,8,128,64,73,73,3,3,1,1,0,0,0,0,dyn,64849
32,64,16,16,8,64,64,73,73,1,7,1,1,3,3,0,0,sta,26830
32,64,16,16,8,64,64,73,73,1,7,1,1,3,3,0,0,dyn,26908
32,64,16,16,8,64,64,73,73,7,1,1,1,0,0,3,3,sta,26829
32,64,16,16,8,64,64,73,73,7,1,1,1,0,0,3,3,dyn,26908
32,64,16,16,8,192,192,71,71,3,3,2,2,0,0,0,0,sta,73452
32,64,16,16,8,192,192,71,71,3,3,2,2,0,0,0,0,dyn,75074
32,64,16,16,8,128,384,35,35,1,1,1,1,0,0,0,0,sta,11108
32,64,16,16,8,128,384,35,35,1,1,1,1,0,0,0,0,dyn,11281
32,64,16,16,8,64,384,35,35,1,1,1,1,0,0,0,0,sta,5687
32,64,16,16,8,64,384,35,35,1,1,1,1,0,0,0,0,dyn,5744
32,64,16,16,8,384,384,35,35,3,3,2,2,0,0,0,0,sta,73454
32,64,16,16,8,384,384,35,35,3,3,2,2,0,0,0,0,dyn,79878
32,64,16,16,8,192,384,35,35,1,1,1,1,0,0,0,0,sta,16529
32,64,16,16,8,192,384,35,35,1,1,1,1,0,0,0,0,dyn,16815
32,64,16,16,8,256,192,35,35,3,3,1,1,1,1,1,1,sta,97847
32,64,16,16,8,256,192,35,35,3,3,1,1,1,1,1,1,dyn,99963
32,64,16,16,8,256,224,35,35,3,3,2,2,0,0,0,0,sta,28729
32,64,16,16,8,256,224,35,35,3,3,2,2,0,0,0,0,dyn,31181
32,64,16,16,8,384,1024,17,17,1,1,1,1,0,0,0,0,sta,21951
32,64,16,16,8,384,1024,17,17,1,1,1,1,0,0,0,0,dyn,23809
32,64,16,16,8,192,1024,17,17,1,1,1,1,0,0,0,0,sta,11108
32,64,16,16,8,192,1024,17,17,1,1,1,1,0,0,0,0,dyn,11990
32,64,16,16,8,256,192,17,17,1,7,1,1,3,3,0,0,sta,19239
32,64,16,16,8,256,192,17,17,1,7,1,1,3,3,0,0,dyn,20888
32,64,16,16,8,128,1024,17,17,1,1,1,1,0,0,0,0,sta,7494
32,64,16,16,8,128,1024,17,17,1,1,1,1,0,0,0,0,dyn,8077
32,64,16,16,8,256,224,17,17,7,1,1,1,0,0,3,3,sta,22402
32,64,16,16,8,256,224,17,17,7,1,1,1,0,0,3,3,dyn,24373
32,64,16,16,8,256,224,17,17,1,7,1,1,3,3,0,0,sta,22402
32,64,16,16,8,256,224,17,17,1,7,1,1,3,3,0,0,dyn,24304
32,64,16,16,8,256,1024,17,17,1,1,1,1,0,0,0,0,sta,14722
32,64,16,16,8,256,1024,17,17,1,1,1,1,0,0,0,0,dyn,15946
32,64,16,16,8,256,256,17,17,1,7,1,1,3,3,0,0,sta,25564
32,64,16,16,8,256,256,17,17,1,7,1,1,3,3,0,0,dyn,27755
32,64,16,16,8,320,256,17,17,7,1,1,1,0,0,3,3,sta,31889
32,64,16,16,8,320,256,17,17,7,1,1,1,0,0,3,3,dyn,34645
32,64,16,16,8,320,320,17,17,3,3,2,2,0,0,0,0,sta,10433
32,64,16,16,8,320,320,17,17,3,3,2,2,0,0,0,0,dyn,14859
32,64,16,16,8,256,1536,8,8,1,1,1,1,0,0,0,0,sta,4602
32,64,16,16,8,256,1536,8,8,1,1,1,1,0,0,0,0,dyn,6510
32,64,16,16,8,384,1536,8,8,1,1,1,1,0,0,0,0,sta,6771
32,64,16,16,8,384,1536,8,8,1,1,1,1,0,0,0,0,dyn,9597
32,64,16,16,8,256,384,8,8,1,3,1,1,1,1,0,0,sta,3518
32,64,16,16,8,256,384,8,8,1,3,1,1,1,1,0,0,dyn,4891
32,64,16,16,8,256,384,8,8,3,1,1,1,0,0,1,1,sta,3518
32,64,16,16,8,256,384,8,8,3,1,1,1,0,0,1,1,dyn,4952
32,64,16,16,8,448,384,8,8,3,1,1,1,0,0,1,1,sta,5958
32,64,16,16,8,448,384,8,8,3,1,1,1,0,0,1,1,dyn,8415
32,64,16,16,8,512,448,8,8,1,3,1,1,1,1,0,0,sta,7855
32,64,16,16,8,512,448,8,8,1,3,1,1,1,1,0,0,dyn,11173
32,64,16,16,8,256,512,8,8,1,3,1,1,1,1,0,0,sta,4602
32,64,16,16,8,256,512,8,8,1,3,1,1,1,1,0,0,dyn,6457
32,64,16,16,8,256,512,8,8,3,1,1,1,0,0,1,1,sta,4603
32,64,16,16,8,256,512,8,8,3,1,1,1,0,0,1,1,dyn,6457
32,96,16,16,8,128,64,147,147,3,3,2,2,0,0,0,0,sta,45872
32,96,16,16,8,128,64,147,147,3,3,2,2,0,0,0,0,dyn,46153
32,96,16,16,8,64,160,73,73,1,1,1,1,0,0,0,0,sta,7094
32,96,16,16,8,64,160,73,73,1,1,1,1,0,0,0,0,dyn,7093
32,96,16,16,8,128,64,73,73,3,3,1,1,0,0,0,0,sta,43423
32,96,16,16,8,128,64,73,73,3,3,1,1,0,0,0,0,dyn,43678
32,96,16,16,8,64,64,73,73,1,7,1,1,3,3,0,0,sta,18034
32,96,16,16,8,64,64,73,73,1,7,1,1,3,3,0,0,dyn,18171
32,96,16,16,8,64,64,73,73,7,1,1,1,0,0,3,3,sta,18034
32,96,16,16,8,64,64,73,73,7,1,1,1,0,0,3,3,dyn,18081
32,96,16,16,8,192,192,71,71,3,3,2,2,0,0,0,0,sta,47904
32,96,16,16,8,192,192,71,71,3,3,2,2,0,0,0,0,dyn,49438
32,96,16,16,8,128,384,35,35,1,1,1,1,0,0,0,0,sta,7382
32,96,16,16,8,128,384,35,35,1,1,1,1,0,0,0,0,dyn,7514
32,96,16,16,8,64,384,35,35,1,1,1,1,0,0,0,0,sta,4065
32,96,16,16,8,64,384,35,35,1,1,1,1,0,0,0,0,dyn,4065
32,96,16,16,8,384,384,35,35,3,3,2,2,0,0,0,0,sta,58884
32,96,16,16,8,384,384,35,35,3,3,2,2,0,0,0,0,dyn,65320
32,96,16,16,8,192,384,35,35,1,1,1,1,0,0,0,0,sta,10906
32,96,16,16,8,192,384,35,35,1,1,1,1,0,0,0,0,dyn,11182
32,96,16,16,8,256,192,35,35,3,3,1,1,1,1,1,1,sta,63753
32,96,16,16,8,256,192,35,35,3,3,1,1,1,1,1,1,dyn,65804
32,96,16,16,8,256,224,35,35,3,3,2,2,0,0,0,0,sta,23105
32,96,16,16,8,256,224,35,35,3,3,2,2,0,0,0,0,dyn,25525
32,96,16,16,8,384,1024,17,17,1,1,1,1,0,0,0,0,sta,17710
32,96,16,16,8,384,1024,17,17,1,1,1,1,0,0,0,0,dyn,19498
32,96,16,16,8,192,1024,17,17,1,1,1,1,0,0,0,0,sta,9037
32,96,16,16,8,192,1024,17,17,1,1,1,1,0,0,0,0,dyn,9853
32,96,16,16,8,256,192,17,17,1,7,1,1,3,3,0,0,sta,15504
32,96,16,16,8,256,192,17,17,1,7,1,1,3,3,0,0,dyn,17105
32,96,16,16,8,128,1024,17,17,1,1,1,1,0,0,0,0,sta,6145
32,96,16,16,8,128,1024,17,17,1,1,1,1,0,0,0,0,dyn,6659
32,96,16,16,8,256,224,17,17,7,1,1,1,0,0,3,3,sta,18034
32,96,16,16,8,256,224,17,17,7,1,1,1,0,0,3,3,dyn,19896
32,96,16,16,8,256,224,17,17,1,7,1,1,3,3,0,0,sta,18034
32,96,16,16,8,256,224,17,17,1,7,1,1,3,3,0,0,dyn,19937
32,96,16,16,8,256,1024,17,17,1,1,1,1,0,0,0,0,sta,11928
32,96,16,16,8,256,1024,17,17,1,1,1,1,0,0,0,0,dyn,13080
32,96,16,16,8,256,256,17,17,1,7,1,1,3,3,0,0,sta,20564
32,96,16,16,8,256,256,17,17,1,7,1,1,3,3,0,0,dyn,22688
32,96,16,16,8,320,256,17,17,7,1,1,1,0,0,3,3,sta,25623
32,96,16,16,8,320,256,17,17,7,1,1,1,0,0,3,3,dyn,28312
32,96,16,16,8,320,320,17,17,3,3,2,2,0,0,0,0,sta,10492
32,96,16,16,8,320,320,17,17,3,3,2,2,0,0,0,0,dyn,14888
32,96,16,16,8,256,1536,8,8,1,1,1,1,0,0,0,0,sta,4662
32,96,16,16,8,256,1536,8,8,1,1,1,1,0,0,0,0,dyn,6540
32,96,16,16,8,384,1536,8,8,1,1,1,1,0,0,0,0,sta,6830
32,96,16,16,8,384,1536,8,8,1,1,1,1,0,0,0,0,dyn,9629
32,96,16,16,8,256,384,8,8,1,3,1,1,1,1,0,0,sta,3578
32,96,16,16,8,256,384,8,8,1,3,1,1,1,1,0,0,dyn,4919
32,96,16,16,8,256,384,8,8,3,1,1,1,0,0,1,1,sta,3577
32,96,16,16,8,256,384,8,8,3,1,1,1,0,0,1,1,dyn,4917
32,96,16,16,8,448,384,8,8,3,1,1,1,0,0,1,1,sta,6017
32,96,16,16,8,448,384,8,8,3,1,1,1,0,0,1,1,dyn,8492
32,96,16,16,8,512,448,8,8,1,3,1,1,1,1,0,0,sta,7914
32,96,16,16,8,512,448,8,8,1,3,1,1,1,1,0,0,dyn,11198
32,96,16,16,8,256,512,8,8,1,3,1,1,1,1,0,0,sta,4662
32,96,16,16,8,256,512,8,8,1,3,1,1,1,1,0,0,dyn,6485
32,96,16,16,8,256,512,8,8,3,1,1,1,0,0,1,1,sta,4661
32,96,16,16,8,256,512,8,8,3,1,1,1,0,0,1,1,dyn,6486
64,64,16,16,8,128,64,147,147,3,3,2,2,0,0,0,0,sta,34442
64,64,16,16,8,128,64,147,147,3,3,2,2,0,0,0,0,dyn,35216
64,64,16,16,8,128,160,73,73,1,1,1,1,0,0,0,0,sta,9776
64,64,16,16,8,128,160,73,73,1,1,1,1,0,0,0,0,dyn,9983
64,64,16,16,8,128,64,73,73,3,3,1,1,0,0,0,0,sta,32409
64,64,16,16,8,128,64,73,73,3,3,1,1,0,0,0,0,dyn,33187
64,64,16,16,8,128,64,73,73,1,7,1,1,3,3,0,0,sta,26852
64,64,16,16,8,128,64,73,73,1,7,1,1,3,3,0,0,dyn,27400
64,64,16,16,8,128,64,73,73,7,1,1,1,0,0,3,3,sta,26852
64,64,16,16,8,128,64,73,73,7,1,1,1,0,0,3,3,dyn,27380
64,64,16,16,8,256,192,71,71,3,3,2,2,0,0,0,0,sta,49079
64,64,16,16,8,256,192,71,71,3,3,2,2,0,0,0,0,dyn,53687
64,64,16,16,8,128,384,35,35,1,1,1,1,0,0,0,0,sta,5710
64,64,16,16,8,128,384,35,35,1,1,1,1,0,0,0,0,dyn,6191
64,64,16,16,8,384,384,35,35,3,3,2,2,0,0,0,0,sta,36883
64,64,16,16,8,384,384,35,35,3,3,2,2,0,0,0,0,dyn,50592
64,64,16,16,8,256,384,35,35,1,1,1,1,0,0,0,0,sta,11131
64,64,16,16,8,256,384,35,35,1,1,1,1,0,0,0,0,dyn,12109
64,64,16,16,8,256,192,35,35,3,3,1,1,1,1,1,1,sta,49079
64,64,16,16,8,256,192,35,35,3,3,1,1,1,1,1,1,dyn,53604
64,64,16,16,8,256,224,35,35,3,3,2,2,0,0,0,0,sta,14521
64,64,16,16,8,256,224,35,35,3,3,2,2,0,0,0,0,dyn,19823
64,64,16,16,8,384,1024,17,17,1,1,1,1,0,0,0,0,sta,11131
64,64,16,16,8,384,1024,17,17,1,1,1,1,0,0,0,0,dyn,15157
64,64,16,16,8,256,1024,17,17,1,1,1,1,0,0,0,0,sta,7517
64,64,16,16,8,256,1024,17,17,1,1,1,1,0,0,0,0,dyn,10185
64,64,16,16,8,128,1024,17,17,1,1,1,1,0,0,0,0,sta,3903
64,64,16,16,8,128,1024,17,17,1,1,1,1,0,0,0,0,dyn,5211
64,64,16,16,8,256,224,17,17,7,1,1,1,0,0,3,3,sta,11357
64,64,16,16,8,256,224,17,17,7,1,1,1,0,0,3,3,dyn,15464
64,64,16,16,8,256,224,17,17,1,7,1,1,3,3,0,0,sta,11357
64,64,16,16,8,256,224,17,17,1,7,1,1,3,3,0,0,dyn,15474
64,64,16,16,8,256,256,17,17,1,7,1,1,3,3,0,0,sta,12938
64,64,16,16,8,256,256,17,17,1,7,1,1,3,3,0,0,dyn,17657
64,64,16,16,8,384,256,17,17,7,1,1,1,0,0,3,3,sta,19263
64,64,16,16,8,384,256,17,17,7,1,1,1,0,0,3,3,dyn,26339
64,64,16,16,8,384,320,17,17,3,3,2,2,0,0,0,0,sta,6390
64,64,16,16,8,384,320,17,17,3,3,2,2,0,0,0,0,dyn,17825
64,64,16,16,8,256,1536,8,8,1,1,1,1,0,0,0,0,sta,2457
64,64,16,16,8,256,1536,8,8,1,1,1,1,0,0,0,0,dyn,6481
64,64,16,16,8,384,1536,8,8,1,1,1,1,0,0,0,0,sta,3541
64,64,16,16,8,384,1536,8,8,1,1,1,1,0,0,0,0,dyn,9626
64,64,16,16,8,256,384,8,8,1,3,1,1,1,1,0,0,sta,1915
64,64,16,16,8,256,384,8,8,1,3,1,1,1,1,0,0,dyn,4944
64,64,16,16,8,256,384,8,8,3,1,1,1,0,0,1,1,sta,1915
64,64,16,16,8,256,384,8,8,3,1,1,1,0,0,1,1,dyn,4986
64,64,16,16,8,512,384,8,8,3,1,1,1,0,0,1,1,sta,3542
64,64,16,16,8,512,384,8,8,3,1,1,1,0,0,1,1,dyn,9588
64,64,16,16,8,512,448,8,8,1,3,1,1,1,1,0,0,sta,4084
64,64,16,16,8,512,448,8,8,1,3,1,1,1,1,0,0,dyn,11192
64,64,16,16,8,256,512,8,8,1,3,1,1,1,1,0,0,sta,2457
64,64,16,16,8,256,512,8,8,1,3,1,1,1,1,0,0,dyn,6481
64,64,16,16,8,256,512,8,8,3,1,1,1,0,0,1,1,sta,2457
64,64,16,16,8,256,512,8,8,3,1,1,1,0,0,1,1,dyn,6488
32,32,16,16,8,64,8,224,224,7,7,2,2,3,3,3,3,sta,118023
32,32,16,16,8,64,8,224,224,7,7,2,2,3,3,3,3,dyn,118165
32,32,16,16,8,256,64,56,56,1,1,1,1,0,0,0,0,sta,19436
32,32,16,16,8,256,64,56,56,1,1,1,1,0,0,0,0,dyn,19547
32,32,16,16,8,64,64,56,56,1,1,1,1,0,0,0,0,sta,5007
32,32,16,16,8,64,64,56,56,1,1,1,1,0,0,0,0,dyn,5001
32,32,16,16,8,64,64,56,56,3,3,1,1,1,1,1,1,sta,43480
32,32,16,16,8,64,64,56,56,3,3,1,1,1,1,1,1,dyn,43598
32,32,16,16,8,64,256,56,56,1,1,1,1,0,0,0,0,sta,19437
32,32,16,16,8,64,256,56,56,1,1,1,1,0,0,0,0,dyn,19473
32,32,16,16,8,512,256,56,56,1,1,2,2,0,0,0,0,sta,39509
32,32,16,16,8,512,256,56,56,1,1,2,2,0,0,0,0,dyn,39949
32,32,16,16,8,128,256,56,56,1,1,2,2,0,0,0,0,sta,10068
32,32,16,16,8,128,256,56,56,1,1,2,2,0,0,0,0,dyn,10162
32,32,16,16,8,128,128,28,28,3,3,1,1,1,1,1,1,sta,44368
32,32,16,16,8,128,128,28,28,3,3,1,1,1,1,1,1,dyn,44919
32,32,16,16,8,512,128,28,28,1,1,1,1,0,0,0,0,sta,19826
32,32,16,16,8,512,128,28,28,1,1,1,1,0,0,0,0,dyn,20046
32,32,16,16,8,128,512,28,28,1,1,1,1,0,0,0,0,sta,19827
32,32,16,16,8,128,512,28,28,1,1,1,1,0,0,0,0,dyn,20053
32,32,16,16,8,1024,512,28,28,1,1,2,2,0,0,0,0,sta,44288
32,32,16,16,8,1024,512,28,28,1,1,2,2,0,0,0,0,dyn,46201
32,32,16,16,8,256,512,28,28,1,1,2,2,0,0,0,0,sta,11309
32,32,16,16,8,256,512,28,28,1,1,2,2,0,0,0,0,dyn,11681
32,32,16,16,8,256,256,14,14,3,3,1,1,1,1,1,1,sta,49664
32,32,16,16,8,256,256,14,14,3,3,1,1,1,1,1,1,dyn,51963
32,32,16,16,8,1024,256,14,14,1,1,1,1,0,0,0,0,sta,22183
32,32,16,16,8,1024,256,14,14,1,1,1,1,0,0,0,0,dyn,23185
32,32,16,16,8,256,1024,14,14,1,1,1,1,0,0,0,0,sta,22187
32,32,16,16,8,256,1024,14,14,1,1,1,1,0,0,0,0,dyn,23182
32,32,16,16,8,2048,1024,14,14,1,1,2,2,0,0,0,0,sta,50695
32,32,16,16,8,2048,1024,14,14,1,1,2,2,0,0,0,0,dyn,58691
32,32,16,16,8,512,1024,14,14,1,1,2,2,0,0,0,0,sta,12994
32,32,16,16,8,512,1024,14,14,1,1,2,2,0,0,0,0,dyn,14827
32,32,16,16,8,512,512,7,7,3,3,1,1,1,1,1,1,sta,56739
32,32,16,16,8,512,512,7,7,3,3,1,1,1,1,1,1,dyn,65972
32,32,16,16,8,2048,512,7,7,1,1,1,1,0,0,0,0,sta,25342
32,32,16,16,8,2048,512,7,7,1,1,1,1,0,0,0,0,dyn,29455
32,32,16,16,8,512,2048,7,7,1,1,1,1,0,0,0,0,sta,25329
32,32,16,16,8,512,2048,7,7,1,1,1,1,0,0,0,0,dyn,29446
32,64,16,16,8,64,8,224,224,7,7,2,2,3,3,3,3,sta,54500
32,64,16,16,8,64,8,224,224,7,7,2,2,3,3,3,3,dyn,54562
32,64,16,16,8,256,64,56,56,1,1,1,1,0,0,0,0,sta,9120
32,64,16,16,8,256,64,56,56,1,1,1,1,0,0,0,0,dyn,9141
32,64,16,16,8,64,64,56,56,1,1,1,1,0,0,0,0,sta,2480
32,64,16,16,8,64,64,56,56,1,1,1,1,0,0,0,0,dyn,2479
32,64,16,16,8,64,64,56,56,3,3,1,1,1,1,1,1,sta,20188
32,64,16,16,8,64,64,56,56,3,3,1,1,1,1,1,1,dyn,20305
32,64,16,16,8,64,256,56,56,1,1,1,1,0,0,0,0,sta,9120
32,64,16,16,8,64,256,56,56,1,1,1,1,0,0,0,0,dyn,9142
32,64,16,16,8,512,256,56,56,1,1,2,2,0,0,0,0,sta,19351
32,64,16,16,8,512,256,56,56,1,1,2,2,0,0,0,0,dyn,19649
32,64,16,16,8,128,256,56,56,1,1,2,2,0,0,0,0,sta,6956
32,64,16,16,8,128,256,56,56,1,1,2,2,0,0,0,0,dyn,6955
32,64,16,16,8,128,128,28,28,3,3,1,1,1,1,1,1,sta,21408
32,64,16,16,8,128,128,28,28,3,3,1,1,1,1,1,1,dyn,22066
32,64,16,16,8,512,128,28,28,1,1,1,1,0,0,0,0,sta,9662
32,64,16,16,8,512,128,28,28,1,1,1,1,0,0,0,0,dyn,9980
32,64,16,16,8,128,512,28,28,1,1,1,1,0,0,0,0,sta,9663
32,64,16,16,8,128,512,28,28,1,1,1,1,0,0,0,0,dyn,9941
32,64,16,16,8,1024,512,28,28,1,1,2,2,0,0,0,0,sta,23987
32,64,16,16,8,1024,512,28,28,1,1,2,2,0,0,0,0,dyn,25895
32,64,16,16,8,256,512,28,28,1,1,2,2,0,0,0,0,sta,6639
32,64,16,16,8,256,512,28,28,1,1,2,2,0,0,0,0,dyn,6639
32,64,16,16,8,256,256,14,14,3,3,1,1,1,1,1,1,sta,26287
32,64,16,16,8,256,256,14,14,3,3,1,1,1,1,1,1,dyn,29124
32,64,16,16,8,1024,256,14,14,1,1,1,1,0,0,0,0,sta,11831
32,64,16,16,8,1024,256,14,14,1,1,1,1,0,0,0,0,dyn,13057
32,64,16,16,8,256,1024,14,14,1,1,1,1,0,0,0,0,sta,11831
32,64,16,16,8,256,1024,14,14,1,1,1,1,0,0,0,0,dyn,13051
32,64,16,16,8,2048,1024,14,14,1,1,2,2,0,0,0,0,sta,24202
32,64,16,16,8,2048,1024,14,14,1,1,2,2,0,0,0,0,dyn,33567
32,64,16,16,8,512,1024,14,14,1,1,2,2,0,0,0,0,sta,6854
32,64,16,16,8,512,1024,14,14,1,1,2,2,0,0,0,0,dyn,8539
32,64,16,16,8,512,512,7,7,3,3,1,1,1,1,1,1,sta,26287
32,64,16,16,8,512,512,7,7,3,3,1,1,1,1,1,1,dyn,37733
32,64,16,16,8,2048,512,7,7,1,1,1,1,0,0,0,0,sta,11831
32,64,16,16,8,2048,512,7,7,1,1,1,1,0,0,0,0,dyn,16919
32,64,16,16,8,512,2048,7,7,1,1,1,1,0,0,0,0,sta,11831
32,64,16,16,8,512,2048,7,7,1,1,1,1,0,0,0,0,dyn,16905
32,96,16,16,8,64,8,224,224,7,7,2,2,3,3,3,3,sta,36573
32,96,16,16,8,64,8,224,224,7,7,2,2,3,3,3,3,dyn,36604
32,96,16,16,8,256,64,56,56,1,1,1,1,0,0,0,0,sta,6658
32,96,16,16,8,256,64,56,56,1,1,1,1,0,0,0,0,dyn,6658
32,96,16,16,8,64,64,56,56,1,1,1,1,0,0,0,0,sta,1939
32,96,16,16,8,64,64,56,56,1,1,1,1,0,0,0,0,dyn,1939
32,96,16,16,8,64,64,56,56,3,3,1,1,1,1,1,1,sta,13742
32,96,16,16,8,64,64,56,56,3,3,1,1,1,1,1,1,dyn,13859
32,96,16,16,8,64,256,56,56,1,1,1,1,0,0,0,0,sta,6682
32,96,16,16,8,64,256,56,56,1,1,1,1,0,0,0,0,dyn,6682
32,96,16,16,8,512,256,56,56,1,1,2,2,0,0,0,0,sta,13883
32,96,16,16,8,512,256,56,56,1,1,2,2,0,0,0,0,dyn,13889
32,96,16,16,8,128,256,56,56,1,1,2,2,0,0,0,0,sta,6979
32,96,16,16,8,128,256,56,56,1,1,2,2,0,0,0,0,dyn,6979
32,96,16,16,8,128,128,28,28,3,3,1,1,1,1,1,1,sta,14962
32,96,16,16,8,128,128,28,28,3,3,1,1,1,1,1,1,dyn,15590
32,96,16,16,8,512,128,28,28,1,1,1,1,0,0,0,0,sta,6830
32,96,16,16,8,512,128,28,28,1,1,1,1,0,0,0,0,dyn,7047
32,96,16,16,8,128,512,28,28,1,1,1,1,0,0,0,0,sta,6845
32,96,16,16,8,128,512,28,28,1,1,1,1,0,0,0,0,dyn,7081
32,96,16,16,8,1024,512,28,28,1,1,2,2,0,0,0,0,sta,18776
32,96,16,16,8,1024,512,28,28,1,1,2,2,0,0,0,0,dyn,20201
32,96,16,16,8,256,512,28,28,1,1,2,2,0,0,0,0,sta,5920
32,96,16,16,8,256,512,28,28,1,1,2,2,0,0,0,0,dyn,5920
32,96,16,16,8,256,256,14,14,3,3,1,1,1,1,1,1,sta,19841
32,96,16,16,8,256,256,14,14,3,3,1,1,1,1,1,1,dyn,22602
32,96,16,16,8,1024,256,14,14,1,1,1,1,0,0,0,0,sta,9003
32,96,16,16,8,1024,256,14,14,1,1,1,1,0,0,0,0,dyn,10187
32,96,16,16,8,256,1024,14,14,1,1,1,1,0,0,0,0,sta,9036
32,96,16,16,8,256,1024,14,14,1,1,1,1,0,0,0,0,dyn,10188
32,96,16,16,8,2048,1024,14,14,1,1,2,2,0,0,0,0,sta,24261
32,96,16,16,8,2048,1024,14,14,1,1,2,2,0,0,0,0,dyn,33605
32,96,16,16,8,512,1024,14,14,1,1,2,2,0,0,0,0,sta,6913
32,96,16,16,8,512,1024,14,14,1,1,2,2,0,0,0,0,dyn,8569
32,96,16,16,8,512,512,7,7,3,3,1,1,1,1,1,1,sta,26346
32,96,16,16,8,512,512,7,7,3,3,1,1,1,1,1,1,dyn,37768
32,96,16,16,8,2048,512,7,7,1,1,1,1,0,0,0,0,sta,11890
32,96,16,16,8,2048,512,7,7,1,1,1,1,0,0,0,0,dyn,16939
32,96,16,16,8,512,2048,7,7,1,1,1,1,0,0,0,0,sta,11890
32,96,16,16,8,512,2048,7,7,1,1,1,1,0,0,0,0,dyn,16973
64,64,16,16,8,128,8,224,224,7,7,2,2,3,3,3,3,sta,54523
64,64,16,16,8,128,8,224,224,7,7,2,2,3,3,3,3,dyn,55019
64,64,16,16,8,256,64,56,56,1,1,1,1,0,0,0,0,sta,6542
64,64,16,16,8,256,64,56,56,1,1,1,1,0,0,0,0,dyn,6638
64,64,16,16,8,128,64,56,56,1,1,1,1,0,0,0,0,sta,3406
64,64,16,16,8,128,64,56,56,1,1,1,1,0,0,0,0,dyn,3437
64,64,16,16,8,128,64,56,56,3,3,1,1,1,1,1,1,sta,20212
64,64,16,16,8,128,64,56,56,3,3,1,1,1,1,1,1,dyn,20937
64,64,16,16,8,128,256,56,56,1,1,1,1,0,0,0,0,sta,9143
64,64,16,16,8,128,256,56,56,1,1,1,1,0,0,0,0,dyn,9478
64,64,16,16,8,512,256,56,56,1,1,2,2,0,0,0,0,sta,9977
64,64,16,16,8,512,256,56,56,1,1,2,2,0,0,0,0,dyn,10990
64,64,16,16,8,128,256,56,56,1,1,2,2,0,0,0,0,sta,6626
64,64,16,16,8,128,256,56,56,1,1,2,2,0,0,0,0,dyn,6626
64,64,16,16,8,128,128,28,28,3,3,1,1,1,1,1,1,sta,10860
64,64,16,16,8,128,128,28,28,3,3,1,1,1,1,1,1,dyn,12401
64,64,16,16,8,512,128,28,28,1,1,1,1,0,0,0,0,sta,4987
64,64,16,16,8,512,128,28,28,1,1,1,1,0,0,0,0,dyn,5629
64,64,16,16,8,128,512,28,28,1,1,1,1,0,0,0,0,sta,4987
64,64,16,16,8,128,512,28,28,1,1,1,1,0,0,0,0,dyn,5597
64,64,16,16,8,1024,512,28,28,1,1,2,2,0,0,0,0,sta,12445
64,64,16,16,8,1024,512,28,28,1,1,2,2,0,0,0,0,dyn,17236
64,64,16,16,8,256,512,28,28,1,1,2,2,0,0,0,0,sta,4440
64,64,16,16,8,256,512,28,28,1,1,2,2,0,0,0,0,dyn,4485
64,64,16,16,8,256,256,14,14,3,3,1,1,1,1,1,1,sta,13299
64,64,16,16,8,256,256,14,14,3,3,1,1,1,1,1,1,dyn,19350
64,64,16,16,8,1024,256,14,14,1,1,1,1,0,0,0,0,sta,6071
64,64,16,16,8,1024,256,14,14,1,1,1,1,0,0,0,0,dyn,8737
64,64,16,16,8,256,1024,14,14,1,1,1,1,0,0,0,0,sta,6071
64,64,16,16,8,256,1024,14,14,1,1,1,1,0,0,0,0,dyn,8737
64,64,16,16,8,2048,1024,14,14,1,1,2,2,0,0,0,0,sta,12660
64,64,16,16,8,2048,1024,14,14,1,1,2,2,0,0,0,0,dyn,33591
64,64,16,16,8,512,1024,14,14,1,1,2,2,0,0,0,0,sta,3985
64,64,16,16,8,512,1024,14,14,1,1,2,2,0,0,0,0,dyn,8623
64,64,16,16,8,512,512,7,7,3,3,1,1,1,1,1,1,sta,13300
64,64,16,16,8,512,512,7,7,3,3,1,1,1,1,1,1,dyn,37763
64,64,16,16,8,2048,512,7,7,1,1,1,1,0,0,0,0,sta,6071
64,64,16,16,8,2048,512,7,7,1,1,1,1,0,0,0,0,dyn,16904
64,64,16,16,8,512,2048,7,7,1,1,1,1,0,0,0,0,sta,6071
64,64,16,16,8,512,2048,7,7,1,1,1,1,0,0,0,0,dyn,16893
32,32,16,16,8,128,64,56,56,1,1,2,2,0,0,0,0,sta,2660
32,32,16,16,8,128,64,56,56,1,1,2,2,0,0,0,0,dyn,2668
32,32,16,16,8,128,64,56,56,3,3,2,2,1,1,1,1,sta,22284
32,32,16,16,8,128,64,56,56,3,3,2,2,1,1,1,1,dyn,22566
32,32,16,16,8,256,128,28,28,1,1,2,2,0,0,0,0,sta,2970
32,32,16,16,8,256,128,28,28,1,1,2,2,0,0,0,0,dyn,3127
32,32,16,16,8,256,128,28,28,3,3,2,2,1,1,1,1,sta,24930
32,32,16,16,8,256,128,28,28,3,3,2,2,1,1,1,1,dyn,26049
32,32,16,16,8,512,256,14,14,1,1,2,2,0,0,0,0,sta,3393
32,32,16,16,8,512,256,14,14,1,1,2,2,0,0,0,0,dyn,3878
32,32,16,16,8,512,256,14,14,3,3,2,2,1,1,1,1,sta,28464
32,32,16,16,8,512,256,14,14,3,3,2,2,1,1,1,1,dyn,33095
32,64,16,16,8,128,64,56,56,1,1,2,2,0,0,0,0,sta,1941
32,64,16,16,8,128,64,56,56,1,1,2,2,0,0,0,0,dyn,1941
32,64,16,16,8,128,64,56,56,3,3,2,2,1,1,1,1,sta,10837
32,64,16,16,8,128,64,56,56,3,3,2,2,1,1,1,1,dyn,11185
32,64,16,16,8,256,128,28,28,1,1,2,2,0,0,0,0,sta,1854
32,64,16,16,8,256,128,28,28,1,1,2,2,0,0,0,0,dyn,1854
32,64,16,16,8,256,128,28,28,3,3,2,2,1,1,1,1,sta,13277
32,64,16,16,8,256,128,28,28,3,3,2,2,1,1,1,1,dyn,14659
32,64,16,16,8,512,256,14,14,1,1,2,2,0,0,0,0,sta,1907
32,64,16,16,8,512,256,14,14,1,1,2,2,0,0,0,0,dyn,2372
32,64,16,16,8,512,256,14,14,3,3,2,2,1,1,1,1,sta,13276
32,64,16,16,8,512,256,14,14,3,3,2,2,1,1,1,1,dyn,18976
32,96,16,16,8,128,64,56,56,1,1,2,2,0,0,0,0,sta,1996
32,96,16,16,8,128,64,56,56,1,1,2,2,0,0,0,0,dyn,1996
32,96,16,16,8,128,64,56,56,3,3,2,2,1,1,1,1,sta,7649
32,96,16,16,8,128,64,56,56,3,3,2,2,1,1,1,1,dyn,7954
32,96,16,16,8,256,128,28,28,1,1,2,2,0,0,0,0,sta,1719
32,96,16,16,8,256,128,28,28,1,1,2,2,0,0,0,0,dyn,1719
32,96,16,16,8,256,128,28,28,3,3,2,2,1,1,1,1,sta,10091
32,96,16,16,8,256,128,28,28,3,3,2,2,1,1,1,1,dyn,11427
32,96,16,16,8,512,256,14,14,1,1,2,2,0,0,0,0,sta,1966
32,96,16,16,8,512,256,14,14,1,1,2,2,0,0,0,0,dyn,2320
32,96,16,16,8,512,256,14,14,3,3,2,2,1,1,1,1,sta,13336
32,96,16,16,8,512,256,14,14,3,3,2,2,1,1,1,1,dyn,18984
64,64,16,16,8,128,64,56,56,1,1,2,2,0,0,0,0,sta,1892
64,64,16,16,8,128,64,56,56,1,1,2,2,0,0,0,0,dyn,1893
64,64,16,16,8,128,64,56,56,3,3,2,2,1,1,1,1,sta,5575
64,64,16,16,8,128,64,56,56,3,3,2,2,1,1,1,1,dyn,6268
64,64,16,16,8,256,128,28,28,1,1,2,2,0,0,0,0,sta,1322
64,64,16,16,8,256,128,28,28,1,1,2,2,0,0,0,0,dyn,1323
64,64,16,16,8,256,128,28,28,3,3,2,2,1,1,1,1,sta,6795
64,64,16,16,8,256,128,28,28,3,3,2,2,1,1,1,1,dyn,9793
64,64,16,16,8,512,256,14,14,1,1,2,2,0,0,0,0,sta,1207
64,64,16,16,8,512,256,14,14,1,1,2,2,0,0,0,0,dyn,2318
64,64,16,16,8,512,256,14,14,3,3,2,2,1,1,1,1,sta,6794
64,64,16,16,8,512,256,14,14,3,3,2,2,1,1,1,1,dyn,19014
32,32,16,16,8,64,8,224,224,3,3,2,2,1,1,1,1,sta,21840
32,32,16,16,8,64,8,224,224,3,3,2,2,1,1,1,1,dyn,21837
32,32,16,16,8,64,32,112,112,3,3,2,2,1,1,1,1,sta,21839
32,32,16,16,8,64,32,112,112,3,3,2,2,1,1,1,1,dyn,21890
32,32,16,16,8,64,32,56,56,1,1,1,1,0,0,0,0,sta,3329
32,32,16,16,8,64,32,56,56,1,1,1,1,0,0,0,0,dyn,3329
32,32,16,16,8,64,192,56,56,1,1,1,1,0,0,0,0,sta,14624
32,32,16,16,8,64,192,56,56,1,1,1,1,0,0,0,0,dyn,14648
32,32,16,16,8,128,256,56,56,1,1,1,1,0,0,0,0,sta,38671
32,32,16,16,8,128,256,56,56,1,1,1,1,0,0,0,0,dyn,38771
32,32,16,16,8,192,128,56,56,3,3,2,2,1,1,1,1,sta,66450
32,32,16,16,8,192,128,56,56,3,3,2,2,1,1,1,1,dyn,67301
32,32,16,16,8,192,144,28,28,1,1,1,1,0,0,0,0,sta,8480
32,32,16,16,8,192,144,28,28,1,1,1,1,0,0,0,0,dyn,8559
32,32,16,16,8,128,144,28,28,3,3,1,1,1,1,1,1,sta,49886
32,32,16,16,8,128,144,28,28,3,3,1,1,1,1,1,1,dyn,50504
32,32,16,16,8,192,72,28,28,1,1,1,1,0,0,0,0,sta,4342
32,32,16,16,8,192,72,28,28,1,1,1,1,0,0,0,0,dyn,4402
32,32,16,16,8,192,432,28,28,1,1,1,1,0,0,0,0,sta,25043
32,32,16,16,8,192,432,28,28,1,1,1,1,0,0,0,0,dyn,25326
32,32,16,16,8,192,144,28,28,3,3,1,1,1,1,1,1,sta,74735
32,32,16,16,8,192,144,28,28,3,3,1,1,1,1,1,1,dyn,75687
32,32,16,16,8,320,576,28,28,1,1,1,1,0,0,0,0,sta,55409
32,32,16,16,8,320,576,28,28,1,1,1,1,0,0,0,0,dyn,56129
32,32,16,16,8,320,288,28,28,3,3,2,2,1,1,1,1,sta,69757
32,32,16,16,8,320,288,28,28,3,3,2,2,1,1,1,1,dyn,73003
32,32,16,16,8,320,304,14,14,1,1,1,1,0,0,0,0,sta,8355
32,32,16,16,8,320,304,14,14,1,1,1,1,0,0,0,0,dyn,8727
32,32,16,16,8,192,304,14,14,3,3,1,1,1,1,1,1,sta,44257
32,32,16,16,8,192,304,14,14,3,3,1,1,1,1,1,1,dyn,46323
32,32,16,16,8,320,152,14,14,1,1,1,1,0,0,0,0,sta,4282
32,32,16,16,8,320,152,14,14,1,1,1,1,0,0,0,0,dyn,4432
32,32,16,16,8,320,912,14,14,1,1,1,1,0,0,0,0,sta,24676
32,32,16,16,8,320,912,14,14,1,1,1,1,0,0,0,0,dyn,25841
32,32,16,16,8,320,304,14,14,3,3,1,1,1,1,1,1,sta,73625
32,32,16,16,8,320,304,14,14,3,3,1,1,1,1,1,1,dyn,77040
32,32,16,16,8,512,1216,14,14,1,1,1,1,0,0,0,0,sta,52415
32,32,16,16,8,512,1216,14,14,1,1,1,1,0,0,0,0,dyn,54834
32,32,16,16,8,960,480,14,14,3,3,2,2,1,1,1,1,sta,99582
32,32,16,16,8,960,480,14,14,3,3,2,2,1,1,1,1,dyn,115861
32,32,16,16,8,1024,960,7,7,3,3,1,1,1,1,1,1,sta,212201
32,32,16,16,8,1024,960,7,7,3,3,1,1,1,1,1,1,dyn,246908
32,32,16,16,8,1280,1024,7,7,3,3,2,2,1,1,1,1,sta,141531
32,32,16,16,8,1280,1024,7,7,3,3,2,2,1,1,1,1,dyn,187838
32,32,16,16,8,1024,1280,4,4,1,1,1,1,0,0,0,0,sta,15902
32,32,16,16,8,1024,1280,4,4,1,1,1,1,0,0,0,0,dyn,21067
32,64,16,16,8,64,8,224,224,3,3,2,2,1,1,1,1,sta,10227
32,64,16,16,8,64,8,224,224,3,3,2,2,1,1,1,1,dyn,10227
32,64,16,16,8,64,32,112,112,3,3,2,2,1,1,1,1,sta,10227
32,64,16,16,8,64,32,112,112,3,3,2,2,1,1,1,1,dyn,10259
32,64,16,16,8,64,32,56,56,1,1,1,1,0,0,0,0,sta,1824
32,64,16,16,8,64,32,56,56,1,1,1,1,0,0,0,0,dyn,1824
32,64,16,16,8,64,192,56,56,1,1,1,1,0,0,0,0,sta,6907
32,64,16,16,8,64,192,56,56,1,1,1,1,0,0,0,0,dyn,6979
32,64,16,16,8,128,256,56,56,1,1,1,1,0,0,0,0,sta,17975
32,64,16,16,8,128,256,56,56,1,1,1,1,0,0,0,0,dyn,18120
32,64,16,16,8,192,128,56,56,3,3,2,2,1,1,1,1,sta,31980
32,64,16,16,8,192,128,56,56,3,3,2,2,1,1,1,1,dyn,33009
32,64,16,16,8,192,144,28,28,1,1,1,1,0,0,0,0,sta,4230
32,64,16,16,8,192,144,28,28,1,1,1,1,0,0,0,0,dyn,4304
32,64,16,16,8,128,144,28,28,3,3,1,1,1,1,1,1,sta,24051
32,64,16,16,8,128,144,28,28,3,3,1,1,1,1,1,1,dyn,24883
32,64,16,16,8,192,72,28,28,1,1,1,1,0,0,0,0,sta,2248
32,64,16,16,8,192,72,28,28,1,1,1,1,0,0,0,0,dyn,2257
32,64,16,16,8,192,432,28,28,1,1,1,1,0,0,0,0,sta,12158
32,64,16,16,8,192,432,28,28,1,1,1,1,0,0,0,0,dyn,12540
32,64,16,16,8,192,144,28,28,3,3,1,1,1,1,1,1,sta,35944
32,64,16,16,8,192,144,28,28,3,3,1,1,1,1,1,1,dyn,37116
32,64,16,16,8,320,576,28,28,1,1,1,1,0,0,0,0,sta,26694
32,64,16,16,8,320,576,28,28,1,1,1,1,0,0,0,0,dyn,27555
32,64,16,16,8,320,288,28,28,3,3,2,2,1,1,1,1,sta,36860
32,64,16,16,8,320,288,28,28,3,3,2,2,1,1,1,1,dyn,40858
32,64,16,16,8,320,304,14,14,1,1,1,1,0,0,0,0,sta,4557
32,64,16,16,8,320,304,14,14,1,1,1,1,0,0,0,0,dyn,4952
32,64,16,16,8,192,304,14,14,3,3,1,1,1,1,1,1,sta,23441
32,64,16,16,8,192,304,14,14,3,3,1,1,1,1,1,1,dyn,25937
32,64,16,16,8,320,152,14,14,1,1,1,1,0,0,0,0,sta,2411
32,64,16,16,8,320,152,14,14,1,1,1,1,0,0,0,0,dyn,2655
32,64,16,16,8,320,912,14,14,1,1,1,1,0,0,0,0,sta,13141
32,64,16,16,8,320,912,14,14,1,1,1,1,0,0,0,0,dyn,14529
32,64,16,16,8,320,304,14,14,3,3,1,1,1,1,1,1,sta,38891
32,64,16,16,8,320,304,14,14,3,3,1,1,1,1,1,1,dyn,43097
32,64,16,16,8,512,1216,14,14,1,1,1,1,0,0,0,0,sta,27733
32,64,16,16,8,512,1216,14,14,1,1,1,1,0,0,0,0,dyn,30713
32,64,16,16,8,960,480,14,14,3,3,2,2,1,1,1,1,sta,46007
32,64,16,16,8,960,480,14,14,3,3,2,2,1,1,1,1,dyn,66196
32,64,16,16,8,1024,960,7,7,3,3,1,1,1,1,1,1,sta,97847
32,64,16,16,8,1024,960,7,7,3,3,1,1,1,1,1,1,dyn,140993
32,64,16,16,8,1280,1024,7,7,3,3,2,2,1,1,1,1,sta,130374
32,64,16,16,8,1280,1024,7,7,3,3,2,2,1,1,1,1,dyn,187868
32,64,16,16,8,1024,1280,4,4,1,1,1,1,0,0,0,0,sta,14722
32,64,16,16,8,1024,1280,4,4,1,1,1,1,0,0,0,0,dyn,21087
32,96,16,16,8,64,8,224,224,3,3,2,2,1,1,1,1,sta,7102
32,96,16,16,8,64,8,224,224,3,3,2,2,1,1,1,1,dyn,7102
32,96,16,16,8,64,32,112,112,3,3,2,2,1,1,1,1,sta,7033
32,96,16,16,8,64,32,112,112,3,3,2,2,1,1,1,1,dyn,7034
32,96,16,16,8,64,32,56,56,1,1,1,1,0,0,0,0,sta,1883
32,96,16,16,8,64,32,56,56,1,1,1,1,0,0,0,0,dyn,1883
32,96,16,16,8,64,192,56,56,1,1,1,1,0,0,0,0,sta,5101
32,96,16,16,8,64,192,56,56,1,1,1,1,0,0,0,0,dyn,5101
32,96,16,16,8,128,256,56,56,1,1,1,1,0,0,0,0,sta,12255
32,96,16,16,8,128,256,56,56,1,1,1,1,0,0,0,0,dyn,12316
32,96,16,16,8,192,128,56,56,3,3,2,2,1,1,1,1,sta,22286
32,96,16,16,8,192,128,56,56,3,3,2,2,1,1,1,1,dyn,23279
32,96,16,16,8,192,144,28,28,1,1,1,1,0,0,0,0,sta,3069
32,96,16,16,8,192,144,28,28,1,1,1,1,0,0,0,0,dyn,3113
32,96,16,16,8,128,144,28,28,3,3,1,1,1,1,1,1,sta,16791
32,96,16,16,8,128,144,28,28,3,3,1,1,1,1,1,1,dyn,17544
32,96,16,16,8,192,72,28,28,1,1,1,1,0,0,0,0,sta,1697
32,96,16,16,8,192,72,28,28,1,1,1,1,0,0,0,0,dyn,1697
32,96,16,16,8,192,432,28,28,1,1,1,1,0,0,0,0,sta,8570
32,96,16,16,8,192,432,28,28,1,1,1,1,0,0,0,0,dyn,8899
32,96,16,16,8,192,144,28,28,3,3,1,1,1,1,1,1,sta,25025
32,96,16,16,8,192,144,28,28,3,3,1,1,1,1,1,1,dyn,26156
32,96,16,16,8,320,576,28,28,1,1,1,1,0,0,0,0,sta,18639
32,96,16,16,8,320,576,28,28,1,1,1,1,0,0,0,0,dyn,19451
32,96,16,16,8,320,288,28,28,3,3,2,2,1,1,1,1,sta,27777
32,96,16,16,8,320,288,28,28,3,3,2,2,1,1,1,1,dyn,31741
32,96,16,16,8,320,304,14,14,1,1,1,1,0,0,0,0,sta,3550
32,96,16,16,8,320,304,14,14,1,1,1,1,0,0,0,0,dyn,3936
32,96,16,16,8,192,304,14,14,3,3,1,1,1,1,1,1,sta,17707
32,96,16,16,8,192,304,14,14,3,3,1,1,1,1,1,1,dyn,20174
32,96,16,16,8,320,152,14,14,1,1,1,1,0,0,0,0,sta,1934
32,96,16,16,8,320,152,14,14,1,1,1,1,0,0,0,0,dyn,2074
32,96,16,16,8,320,912,14,14,1,1,1,1,0,0,0,0,sta,10014
32,96,16,16,8,320,912,14,14,1,1,1,1,0,0,0,0,dyn,11308
32,96,16,16,8,320,304,14,14,3,3,1,1,1,1,1,1,sta,29294
32,96,16,16,8,320,304,14,14,3,3,1,1,1,1,1,1,dyn,33480
32,96,16,16,8,512,1216,14,14,1,1,1,1,0,0,0,0,sta,20971
32,96,16,16,8,512,1216,14,14,1,1,1,1,0,0,0,0,dyn,23884
32,96,16,16,8,960,480,14,14,3,3,2,2,1,1,1,1,sta,46066
32,96,16,16,8,960,480,14,14,3,3,2,2,1,1,1,1,dyn,66206
32,96,16,16,8,1024,960,7,7,3,3,1,1,1,1,1,1,sta,97906
32,96,16,16,8,1024,960,7,7,3,3,1,1,1,1,1,1,dyn,141061
32,96,16,16,8,1280,1024,7,7,3,3,2,2,1,1,1,1,sta,130433
32,96,16,16,8,1280,1024,7,7,3,3,2,2,1,1,1,1,dyn,187905
32,96,16,16,8,1024,1280,4,4,1,1,1,1,0,0,0,0,sta,14781
32,96,16,16,8,1024,1280,4,4,1,1,1,1,0,0,0,0,dyn,21100
64,64,16,16,8,128,8,224,224,3,3,2,2,1,1,1,1,sta,12819
64,64,16,16,8,128,8,224,224,3,3,2,2,1,1,1,1,dyn,12861
64,64,16,16,8,128,32,112,112,3,3,2,2,1,1,1,1,sta,10250
64,64,16,16,8,128,32,112,112,3,3,2,2,1,1,1,1,dyn,10572
64,64,16,16,8,128,192,56,56,1,1,1,1,0,0,0,0,sta,6930
64,64,16,16,8,128,192,56,56,1,1,1,1,0,0,0,0,dyn,7126
64,64,16,16,8,256,128,56,56,3,3,2,2,1,1,1,1,sta,21431
64,64,16,16,8,256,128,56,56,3,3,2,2,1,1,1,1,dyn,24512
64,64,16,16,8,256,144,28,28,1,1,1,1,0,0,0,0,sta,2931
64,64,16,16,8,256,144,28,28,1,1,1,1,0,0,0,0,dyn,3252
64,64,16,16,8,128,144,28,28,3,3,1,1,1,1,1,1,sta,12181
64,64,16,16,8,128,144,28,28,3,3,1,1,1,1,1,1,dyn,13884
64,64,16,16,8,256,72,28,28,1,1,1,1,0,0,0,0,sta,1940
64,64,16,16,8,256,72,28,28,1,1,1,1,0,0,0,0,dyn,2061
64,64,16,16,8,256,432,28,28,1,1,1,1,0,0,0,0,sta,8217
64,64,16,16,8,256,432,28,28,1,1,1,1,0,0,0,0,dyn,9284
64,64,16,16,8,256,144,28,28,3,3,1,1,1,1,1,1,sta,24074
64,64,16,16,8,256,144,28,28,3,3,1,1,1,1,1,1,dyn,27490
64,64,16,16,8,384,576,28,28,1,1,1,1,0,0,0,0,sta,16146
64,64,16,16,8,384,576,28,28,1,1,1,1,0,0,0,0,dyn,18398
64,64,16,16,8,384,288,28,28,3,3,2,2,1,1,1,1,sta,22245
64,64,16,16,8,384,288,28,28,3,3,2,2,1,1,1,1,dyn,32540
64,64,16,16,8,384,304,14,14,1,1,1,1,0,0,0,0,sta,2864
64,64,16,16,8,384,304,14,14,1,1,1,1,0,0,0,0,dyn,4056
64,64,16,16,8,256,304,14,14,3,3,1,1,1,1,1,1,sta,15739
64,64,16,16,8,256,304,14,14,3,3,1,1,1,1,1,1,dyn,23013
64,64,16,16,8,384,152,14,14,1,1,1,1,0,0,0,0,sta,1576
64,64,16,16,8,384,152,14,14,1,1,1,1,0,0,0,0,dyn,2146
64,64,16,16,8,384,912,14,14,1,1,1,1,0,0,0,0,sta,8014
64,64,16,16,8,384,912,14,14,1,1,1,1,0,0,0,0,dyn,11603
64,64,16,16,8,384,304,14,14,3,3,1,1,1,1,1,1,sta,23464
64,64,16,16,8,384,304,14,14,3,3,1,1,1,1,1,1,dyn,34305
64,64,16,16,8,512,1216,14,14,1,1,1,1,0,0,0,0,sta,14022
64,64,16,16,8,512,1216,14,14,1,1,1,1,0,0,0,0,dyn,20452
64,64,16,16,8,1024,480,14,14,3,3,2,2,1,1,1,1,sta,24684
64,64,16,16,8,1024,480,14,14,3,3,2,2,1,1,1,1,dyn,70610
64,64,16,16,8,1024,960,7,7,3,3,1,1,1,1,1,1,sta,49079
64,64,16,16,8,1024,960,7,7,3,3,1,1,1,1,1,1,dyn,140962
64,64,16,16,8,1280,1024,7,7,3,3,2,2,1,1,1,1,sta,65343
64,64,16,16,8,1280,1024,7,7,3,3,2,2,1,1,1,1,dyn,187879
64,64,16,16,8,1024,1280,4,4,1,1,1,1,0,0,0,0,sta,7517
64,64,16,16,8,1024,1280,4,4,1,1,1,1,0,0,0,0,dyn,21106
32,32,16,16,8,128,128,56,56,3,3,2,2,1,1,1,1,sta,44366
32,32,16,16,8,128,128,56,56,3,3,2,2,1,1,1,1,dyn,44917
32,32,16,16,8,128,128,28,28,1,1,1,1,0,0,0,0,sta,5104
32,32,16,16,8,128,128,28,28,1,1,1,1,0,0,0,0,dyn,5227
32,32,16,16,8,64,128,28,28,3,3,1,1,1,1,1,1,sta,22284
32,32,16,16,8,64,128,28,28,3,3,1,1,1,1,1,1,dyn,22533
32,32,16,16,8,128,64,28,28,1,1,1,1,0,0,0,0,sta,2651
32,32,16,16,8,128,64,28,28,1,1,1,1,0,0,0,0,dyn,2665
32,32,16,16,8,128,384,28,28,1,1,1,1,0,0,0,0,sta,14926
32,32,16,16,8,128,384,28,28,1,1,1,1,0,0,0,0,dyn,15133
32,32,16,16,8,320,512,28,28,1,1,1,1,0,0,0,0,sta,49265
32,32,16,16,8,320,512,28,28,1,1,1,1,0,0,0,0,dyn,49916
32,32,16,16,8,320,288,14,14,1,1,1,1,0,0,0,0,sta,7931
32,32,16,16,8,320,288,14,14,1,1,1,1,0,0,0,0,dyn,8281
32,32,16,16,8,192,288,14,14,3,3,1,1,1,1,1,1,sta,41930
32,32,16,16,8,192,288,14,14,3,3,1,1,1,1,1,1,dyn,43869
32,32,16,16,8,320,144,14,14,1,1,1,1,0,0,0,0,sta,4065
32,32,16,16,8,320,144,14,14,1,1,1,1,0,0,0,0,dyn,4296
32,32,16,16,8,320,864,14,14,1,1,1,1,0,0,0,0,sta,23382
32,32,16,16,8,320,864,14,14,1,1,1,1,0,0,0,0,dyn,24442
32,32,16,16,8,320,288,14,14,3,3,1,1,1,1,1,1,sta,69757
32,32,16,16,8,320,288,14,14,3,3,1,1,1,1,1,1,dyn,72972
32,32,16,16,8,320,1152,14,14,1,1,1,1,0,0,0,0,sta,31117
32,32,16,16,8,320,1152,14,14,1,1,1,1,0,0,0,0,dyn,32538
32,32,16,16,8,448,1152,14,14,1,1,1,1,0,0,0,0,sta,43485
32,32,16,16,8,448,1152,14,14,1,1,1,1,0,0,0,0,dyn,45480
32,32,16,16,8,768,416,14,14,3,3,2,2,1,1,1,1,sta,69109
32,32,16,16,8,768,416,14,14,3,3,2,2,1,1,1,1,dyn,80370
32,32,16,16,8,1024,760,7,7,3,3,1,1,1,1,1,1,sta,168033
32,32,16,16,8,1024,760,7,7,3,3,1,1,1,1,1,1,dyn,195514
32,32,16,16,8,1024,1024,7,7,3,3,2,2,1,1,1,1,sta,113264
32,32,16,16,8,1024,1024,7,7,3,3,2,2,1,1,1,1,dyn,150317
32,32,16,16,8,1280,1024,4,4,1,1,1,1,0,0,0,0,sta,15914
32,32,16,16,8,1280,1024,4,4,1,1,1,1,0,0,0,0,dyn,21054
32,64,16,16,8,128,128,56,56,3,3,2,2,1,1,1,1,sta,21408
32,64,16,16,8,128,128,56,56,3,3,2,2,1,1,1,1,dyn,22066
32,64,16,16,8,128,128,28,28,1,1,1,1,0,0,0,0,sta,2615
32,64,16,16,8,128,128,28,28,1,1,1,1,0,0,0,0,dyn,2637
32,64,16,16,8,64,128,28,28,3,3,1,1,1,1,1,1,sta,10837
32,64,16,16,8,64,128,28,28,3,3,1,1,1,1,1,1,dyn,11124
32,64,16,16,8,128,64,28,28,1,1,1,1,0,0,0,0,sta,1440
32,64,16,16,8,128,64,28,28,1,1,1,1,0,0,0,0,dyn,1440
32,64,16,16,8,128,384,28,28,1,1,1,1,0,0,0,0,sta,7313
32,64,16,16,8,128,384,28,28,1,1,1,1,0,0,0,0,dyn,7486
32,64,16,16,8,320,512,28,28,1,1,1,1,0,0,0,0,sta,23757
32,64,16,16,8,320,512,28,28,1,1,1,1,0,0,0,0,dyn,24527
32,64,16,16,8,320,288,14,14,1,1,1,1,0,0,0,0,sta,4332
32,64,16,16,8,320,288,14,14,1,1,1,1,0,0,0,0,dyn,4735
32,64,16,16,8,192,288,14,14,3,3,1,1,1,1,1,1,sta,22221
32,64,16,16,8,192,288,14,14,3,3,1,1,1,1,1,1,dyn,24592
32,64,16,16,8,320,144,14,14,1,1,1,1,0,0,0,0,sta,2299
32,64,16,16,8,320,144,14,14,1,1,1,1,0,0,0,0,dyn,2490
32,64,16,16,8,320,864,14,14,1,1,1,1,0,0,0,0,sta,12464
32,64,16,16,8,320,864,14,14,1,1,1,1,0,0,0,0,dyn,13749
32,64,16,16,8,320,288,14,14,3,3,1,1,1,1,1,1,sta,36858
32,64,16,16,8,320,288,14,14,3,3,1,1,1,1,1,1,dyn,40891
32,64,16,16,8,320,1152,14,14,1,1,1,1,0,0,0,0,sta,16529
32,64,16,16,8,320,1152,14,14,1,1,1,1,0,0,0,0,dyn,18272
32,64,16,16,8,448,1152,14,14,1,1,1,1,0,0,0,0,sta,23034
32,64,16,16,8,448,1152,14,14,1,1,1,1,0,0,0,0,dyn,25484
32,64,16,16,8,768,416,14,14,3,3,2,2,1,1,1,1,sta,31980
32,64,16,16,8,768,416,14,14,3,3,2,2,1,1,1,1,dyn,45938
32,64,16,16,8,1024,760,7,7,3,3,1,1,1,1,1,1,sta,77518
32,64,16,16,8,1024,760,7,7,3,3,1,1,1,1,1,1,dyn,111637
32,64,16,16,8,1024,1024,7,7,3,3,2,2,1,1,1,1,sta,104352
32,64,16,16,8,1024,1024,7,7,3,3,2,2,1,1,1,1,dyn,150341
32,64,16,16,8,1280,1024,4,4,1,1,1,1,0,0,0,0,sta,14722
32,64,16,16,8,1280,1024,4,4,1,1,1,1,0,0,0,0,dyn,21045
32,96,16,16,8,128,128,56,56,3,3,2,2,1,1,1,1,sta,14968
32,96,16,16,8,128,128,56,56,3,3,2,2,1,1,1,1,dyn,15588
32,96,16,16,8,128,128,28,28,1,1,1,1,0,0,0,0,sta,1951
32,96,16,16,8,128,128,28,28,1,1,1,1,0,0,0,0,dyn,1951
32,96,16,16,8,64,128,28,28,3,3,1,1,1,1,1,1,sta,7644
32,96,16,16,8,64,128,28,28,3,3,1,1,1,1,1,1,dyn,7898
32,96,16,16,8,128,64,28,28,1,1,1,1,0,0,0,0,sta,1186
32,96,16,16,8,128,64,28,28,1,1,1,1,0,0,0,0,dyn,1186
32,96,16,16,8,128,384,28,28,1,1,1,1,0,0,0,0,sta,5214
32,96,16,16,8,128,384,28,28,1,1,1,1,0,0,0,0,dyn,5345
32,96,16,16,8,320,512,28,28,1,1,1,1,0,0,0,0,sta,16604
32,96,16,16,8,320,512,28,28,1,1,1,1,0,0,0,0,dyn,17325
32,96,16,16,8,320,288,14,14,1,1,1,1,0,0,0,0,sta,3379
32,96,16,16,8,320,288,14,14,1,1,1,1,0,0,0,0,dyn,3714
32,96,16,16,8,192,288,14,14,3,3,1,1,1,1,1,1,sta,16791
32,96,16,16,8,192,288,14,14,3,3,1,1,1,1,1,1,dyn,19131
32,96,16,16,8,320,144,14,14,1,1,1,1,0,0,0,0,sta,1850
32,96,16,16,8,320,144,14,14,1,1,1,1,0,0,0,0,dyn,2050
32,96,16,16,8,320,864,14,14,1,1,1,1,0,0,0,0,sta,9504
32,96,16,16,8,320,864,14,14,1,1,1,1,0,0,0,0,dyn,10728
32,96,16,16,8,320,288,14,14,3,3,1,1,1,1,1,1,sta,27769
32,96,16,16,8,320,288,14,14,3,3,1,1,1,1,1,1,dyn,31746
32,96,16,16,8,320,1152,14,14,1,1,1,1,0,0,0,0,sta,12566
32,96,16,16,8,320,1152,14,14,1,1,1,1,0,0,0,0,dyn,14266
32,96,16,16,8,448,1152,14,14,1,1,1,1,0,0,0,0,sta,17445
32,96,16,16,8,448,1152,14,14,1,1,1,1,0,0,0,0,dyn,19829
32,96,16,16,8,768,416,14,14,3,3,2,2,1,1,1,1,sta,32039
32,96,16,16,8,768,416,14,14,3,3,2,2,1,1,1,1,dyn,45965
32,96,16,16,8,1024,760,7,7,3,3,1,1,1,1,1,1,sta,77576
32,96,16,16,8,1024,760,7,7,3,3,1,1,1,1,1,1,dyn,111659
32,96,16,16,8,1024,1024,7,7,3,3,2,2,1,1,1,1,sta,104411
32,96,16,16,8,1024,1024,7,7,3,3,2,2,1,1,1,1,dyn,150371
32,96,16,16,8,1280,1024,4,4,1,1,1,1,0,0,0,0,sta,14781
32,96,16,16,8,1280,1024,4,4,1,1,1,1,0,0,0,0,dyn,21074
64,64,16,16,8,128,128,56,56,3,3,2,2,1,1,1,1,sta,10860
64,64,16,16,8,128,128,56,56,3,3,2,2,1,1,1,1,dyn,12335
64,64,16,16,8,128,128,28,28,1,1,1,1,0,0,0,0,sta,1463
64,64,16,16,8,128,128,28,28,1,1,1,1,0,0,0,0,dyn,1576
64,64,16,16,8,128,64,28,28,1,1,1,1,0,0,0,0,sta,1102
64,64,16,16,8,128,64,28,28,1,1,1,1,0,0,0,0,dyn,1133
64,64,16,16,8,128,384,28,28,1,1,1,1,0,0,0,0,sta,3812
64,64,16,16,8,128,384,28,28,1,1,1,1,0,0,0,0,dyn,4341
64,64,16,16,8,384,512,28,28,1,1,1,1,0,0,0,0,sta,14384
64,64,16,16,8,384,512,28,28,1,1,1,1,0,0,0,0,dyn,16395
64,64,16,16,8,384,288,14,14,1,1,1,1,0,0,0,0,sta,2728
64,64,16,16,8,384,288,14,14,1,1,1,1,0,0,0,0,dyn,3828
64,64,16,16,8,256,288,14,14,3,3,1,1,1,1,1,1,sta,14926
64,64,16,16,8,256,288,14,14,3,3,1,1,1,1,1,1,dyn,21750
64,64,16,16,8,384,144,14,14,1,1,1,1,0,0,0,0,sta,1509
64,64,16,16,8,384,144,14,14,1,1,1,1,0,0,0,0,dyn,2065
64,64,16,16,8,384,864,14,14,1,1,1,1,0,0,0,0,sta,7607
64,64,16,16,8,384,864,14,14,1,1,1,1,0,0,0,0,dyn,11021
64,64,16,16,8,384,288,14,14,3,3,1,1,1,1,1,1,sta,22244
64,64,16,16,8,384,288,14,14,3,3,1,1,1,1,1,1,dyn,32530
64,64,16,16,8,384,1152,14,14,1,1,1,1,0,0,0,0,sta,10047
64,64,16,16,8,384,1152,14,14,1,1,1,1,0,0,0,0,dyn,14567
64,64,16,16,8,512,1152,14,14,1,1,1,1,0,0,0,0,sta,13300
64,64,16,16,8,512,1152,14,14,1,1,1,1,0,0,0,0,dyn,19393
64,64,16,16,8,768,416,14,14,3,3,2,2,1,1,1,1,sta,16146
64,64,16,16,8,768,416,14,14,3,3,2,2,1,1,1,1,dyn,45960
64,64,16,16,8,1024,760,7,7,3,3,1,1,1,1,1,1,sta,38914
64,64,16,16,8,1024,760,7,7,3,3,1,1,1,1,1,1,dyn,111648
64,64,16,16,8,1024,1024,7,7,3,3,2,2,1,1,1,1,sta,52332
64,64,16,16,8,1024,1024,7,7,3,3,2,2,1,1,1,1,dyn,150359
64,64,16,16,8,1280,1024,4,4,1,1,1,1,0,0,0,0,sta,7517
64,64,16,16,8,1280,1024,4,4,1,1,1,1,0,0,0,0,dyn,21099
32,32,16,16,8,128,8,224,224,7,7,2,2,0,0,0,0,sta,223827
32,32,16,16,8,128,8,224,224,7,7,2,2,0,0,0,0,dyn,224065
32,32,16,16,8,64,96,54,54,1,1,1,1,0,0,0,0,sta,6975
32,32,16,16,8,64,96,54,54,1,1,1,1,0,0,0,0,dyn,6978
32,32,16,16,8,64,32,54,54,1,1,1,1,0,0,0,0,sta,3137
32,32,16,16,8,64,32,54,54,1,1,1,1,0,0,0,0,dyn,3213
32,32,16,16,8,64,16,54,54,3,3,1,1,1,1,1,1,sta,10355
32,32,16,16,8,64,16,54,54,3,3,1,1,1,1,1,1,dyn,10370
32,32,16,16,8,64,192,54,54,1,1,1,1,0,0,0,0,sta,13742
32,32,16,16,8,64,192,54,54,1,1,1,1,0,0,0,0,dyn,13770
32,32,16,16,8,128,32,54,54,1,1,1,1,0,0,0,0,sta,6081
32,32,16,16,8,128,32,54,54,1,1,1,1,0,0,0,0,dyn,6081
32,32,16,16,8,128,32,54,54,3,3,1,1,1,1,1,1,sta,40833
32,32,16,16,8,128,32,54,54,3,3,1,1,1,1,1,1,dyn,40949
32,32,16,16,8,64,384,27,27,1,1,1,1,0,0,0,0,sta,6972
32,32,16,16,8,64,384,27,27,1,1,1,1,0,0,0,0,dyn,7086
32,32,16,16,8,128,32,27,27,1,1,1,1,0,0,0,0,sta,1665
32,32,16,16,8,128,32,27,27,1,1,1,1,0,0,0,0,dyn,1665
32,32,16,16,8,128,32,27,27,3,3,1,1,1,1,1,1,sta,10355
32,32,16,16,8,128,32,27,27,3,3,1,1,1,1,1,1,dyn,10470
32,32,16,16,8,192,48,27,27,1,1,1,1,0,0,0,0,sta,2739
32,32,16,16,8,192,48,27,27,1,1,1,1,0,0,0,0,dyn,2754
32,32,16,16,8,192,48,27,27,3,3,1,1,1,1,1,1,sta,23060
32,32,16,16,8,192,48,27,27,3,3,1,1,1,1,1,1,dyn,23374
32,32,16,16,8,64,576,27,27,1,1,1,1,0,0,0,0,sta,10357
32,32,16,16,8,64,576,27,27,1,1,1,1,0,0,0,0,dyn,10468
32,32,16,16,8,256,64,27,27,1,1,1,1,0,0,0,0,sta,4715
32,32,16,16,8,256,64,27,27,1,1,1,1,0,0,0,0,dyn,4755
32,32,16,16,8,256,64,27,27,3,3,1,1,1,1,1,1,sta,40834
32,32,16,16,8,256,64,27,27,3,3,1,1,1,1,1,1,dyn,41386
32,32,16,16,8,64,768,13,13,1,1,1,1,0,0,0,0,sta,3733
32,32,16,16,8,64,768,13,13,1,1,1,1,0,0,0,0,dyn,3926
32,32,16,16,8,256,64,13,13,1,1,1,1,0,0,0,0,sta,1377
32,32,16,16,8,256,64,13,13,1,1,1,1,0,0,0,0,dyn,1417
32,32,16,16,8,256,64,13,13,3,3,1,1,1,1,1,1,sta,10805
32,32,16,16,8,256,64,13,13,3,3,1,1,1,1,1,1,dyn,11353
32,32,16,16,8,1024,768,13,13,1,1,1,1,0,0,0,0,sta,56733
32,32,16,16,8,1024,768,13,13,1,1,1,1,0,0,0,0,dyn,59787
32,64,16,16,8,128,8,224,224,7,7,2,2,0,0,0,0,sta,103200
32,64,16,16,8,128,8,224,224,7,7,2,2,0,0,0,0,dyn,103379
32,64,16,16,8,64,96,54,54,1,1,1,1,0,0,0,0,sta,3383
32,64,16,16,8,64,96,54,54,1,1,1,1,0,0,0,0,dyn,3383
32,64,16,16,8,64,32,54,54,1,1,1,1,0,0,0,0,sta,1728
32,64,16,16,8,64,32,54,54,1,1,1,1,0,0,0,0,dyn,1728
32,64,16,16,8,64,16,54,54,3,3,1,1,1,1,1,1,sta,4941
32,64,16,16,8,64,16,54,54,3,3,1,1,1,1,1,1,dyn,4941
32,64,16,16,8,64,192,54,54,1,1,1,1,0,0,0,0,sta,6500
32,64,16,16,8,64,192,54,54,1,1,1,1,0,0,0,0,dyn,6502
32,64,16,16,8,128,32,54,54,1,1,1,1,0,0,0,0,sta,3200
32,64,16,16,8,128,32,54,54,1,1,1,1,0,0,0,0,dyn,3200
32,64,16,16,8,128,32,54,54,3,3,1,1,1,1,1,1,sta,18968
32,64,16,16,8,128,32,54,54,3,3,1,1,1,1,1,1,dyn,19085
32,64,16,16,8,64,384,27,27,1,1,1,1,0,0,0,0,sta,3518
32,64,16,16,8,64,384,27,27,1,1,1,1,0,0,0,0,dyn,3646
32,64,16,16,8,128,32,27,27,1,1,1,1,0,0,0,0,sta,1024
32,64,16,16,8,128,32,27,27,1,1,1,1,0,0,0,0,dyn,1024
32,64,16,16,8,128,32,27,27,3,3,1,1,1,1,1,1,sta,5145
32,64,16,16,8,128,32,27,27,3,3,1,1,1,1,1,1,dyn,5304
32,64,16,16,8,192,48,27,27,1,1,1,1,0,0,0,0,sta,1485
32,64,16,16,8,192,48,27,27,1,1,1,1,0,0,0,0,dyn,1485
32,64,16,16,8,192,48,27,27,3,3,1,1,1,1,1,1,sta,11243
32,64,16,16,8,192,48,27,27,3,3,1,1,1,1,1,1,dyn,11603
32,64,16,16,8,64,576,27,27,1,1,1,1,0,0,0,0,sta,5145
32,64,16,16,8,64,576,27,27,1,1,1,1,0,0,0,0,dyn,5261
32,64,16,16,8,256,64,27,27,1,1,1,1,0,0,0,0,sta,2434
32,64,16,16,8,256,64,27,27,1,1,1,1,0,0,0,0,dyn,2455
32,64,16,16,8,256,64,27,27,3,3,1,1,1,1,1,1,sta,19782
32,64,16,16,8,256,64,27,27,3,3,1,1,1,1,1,1,dyn,20440
32,64,16,16,8,64,768,13,13,1,1,1,1,0,0,0,0,sta,1892
32,64,16,16,8,64,768,13,13,1,1,1,1,0,0,0,0,dyn,2065
32,64,16,16,8,256,64,13,13,1,1,1,1,0,0,0,0,sta,808
32,64,16,16,8,256,64,13,13,1,1,1,1,0,0,0,0,dyn,895
32,64,16,16,8,256,64,13,13,3,3,1,1,1,1,1,1,sta,5145
32,64,16,16,8,256,64,13,13,3,3,1,1,1,1,1,1,dyn,5801
32,64,16,16,8,1024,768,13,13,1,1,1,1,0,0,0,0,sta,26287
32,64,16,16,8,1024,768,13,13,1,1,1,1,0,0,0,0,dyn,30054
32,96,16,16,8,128,8,224,224,7,7,2,2,0,0,0,0,sta,68947
32,96,16,16,8,128,8,224,224,7,7,2,2,0,0,0,0,dyn,69128
32,96,16,16,8,64,96,54,54,1,1,1,1,0,0,0,0,sta,2584
32,96,16,16,8,64,96,54,54,1,1,1,1,0,0,0,0,dyn,2583
32,96,16,16,8,64,32,54,54,1,1,1,1,0,0,0,0,sta,1787
32,96,16,16,8,64,32,54,54,1,1,1,1,0,0,0,0,dyn,1787
32,96,16,16,8,64,16,54,54,3,3,1,1,1,1,1,1,sta,3476
32,96,16,16,8,64,16,54,54,3,3,1,1,1,1,1,1,dyn,3476
32,96,16,16,8,64,192,54,54,1,1,1,1,0,0,0,0,sta,4811
32,96,16,16,8,64,192,54,54,1,1,1,1,0,0,0,0,dyn,4811
32,96,16,16,8,128,32,54,54,1,1,1,1,0,0,0,0,sta,3275
32,96,16,16,8,128,32,54,54,1,1,1,1,0,0,0,0,dyn,3275
32,96,16,16,8,128,32,54,54,3,3,1,1,1,1,1,1,sta,12929
32,96,16,16,8,128,32,54,54,3,3,1,1,1,1,1,1,dyn,13014
32,96,16,16,8,64,384,27,27,1,1,1,1,0,0,0,0,sta,2620
32,96,16,16,8,64,384,27,27,1,1,1,1,0,0,0,0,dyn,2620
32,96,16,16,8,128,32,27,27,1,1,1,1,0,0,0,0,sta,1067
32,96,16,16,8,128,32,27,27,1,1,1,1,0,0,0,0,dyn,1067
32,96,16,16,8,128,32,27,27,3,3,1,1,1,1,1,1,sta,3577
32,96,16,16,8,128,32,27,27,3,3,1,1,1,1,1,1,dyn,3696
32,96,16,16,8,192,48,27,27,1,1,1,1,0,0,0,0,sta,1463
32,96,16,16,8,192,48,27,27,1,1,1,1,0,0,0,0,dyn,1463
32,96,16,16,8,192,48,27,27,3,3,1,1,1,1,1,1,sta,7643
32,96,16,16,8,192,48,27,27,3,3,1,1,1,1,1,1,dyn,7940
32,96,16,16,8,64,576,27,27,1,1,1,1,0,0,0,0,sta,3763
32,96,16,16,8,64,576,27,27,1,1,1,1,0,0,0,0,dyn,3763
32,96,16,16,8,256,64,27,27,1,1,1,1,0,0,0,0,sta,1858
32,96,16,16,8,256,64,27,27,1,1,1,1,0,0,0,0,dyn,1858
32,96,16,16,8,256,64,27,27,3,3,1,1,1,1,1,1,sta,13336
32,96,16,16,8,256,64,27,27,3,3,1,1,1,1,1,1,dyn,14022
32,96,16,16,8,64,768,13,13,1,1,1,1,0,0,0,0,sta,1445
32,96,16,16,8,64,768,13,13,1,1,1,1,0,0,0,0,dyn,1550
32,96,16,16,8,256,64,13,13,1,1,1,1,0,0,0,0,sta,706
32,96,16,16,8,256,64,13,13,1,1,1,1,0,0,0,0,dyn,706
32,96,16,16,8,256,64,13,13,3,3,1,1,1,1,1,1,sta,3577
32,96,16,16,8,256,64,13,13,3,3,1,1,1,1,1,1,dyn,4205
32,96,16,16,8,1024,768,13,13,1,1,1,1,0,0,0,0,sta,17699
32,96,16,16,8,1024,768,13,13,1,1,1,1,0,0,0,0,dyn,21405
64,64,16,16,8,128,8,224,224,7,7,2,2,0,0,0,0,sta,51756
64,64,16,16,8,128,8,224,224,7,7,2,2,0,0,0,0,dyn,52211
64,64,16,16,8,128,96,54,54,1,1,1,1,0,0,0,0,sta,3406
64,64,16,16,8,128,96,54,54,1,1,1,1,0,0,0,0,dyn,3478
64,64,16,16,8,128,64,54,54,1,1,1,1,0,0,0,0,sta,3214
64,64,16,16,8,128,64,54,54,1,1,1,1,0,0,0,0,dyn,3245
64,64,16,16,8,128,16,54,54,3,3,1,1,1,1,1,1,sta,4964
64,64,16,16,8,128,16,54,54,3,3,1,1,1,1,1,1,dyn,5099
64,64,16,16,8,128,192,54,54,1,1,1,1,0,0,0,0,sta,6523
64,64,16,16,8,128,192,54,54,1,1,1,1,0,0,0,0,dyn,6719
64,64,16,16,8,128,32,54,54,3,3,1,1,1,1,1,1,sta,9640
64,64,16,16,8,128,32,54,54,3,3,1,1,1,1,1,1,dyn,9990
64,64,16,16,8,128,384,27,27,1,1,1,1,0,0,0,0,sta,3542
64,64,16,16,8,128,384,27,27,1,1,1,1,0,0,0,0,dyn,3986
64,64,16,16,8,128,64,27,27,1,1,1,1,0,0,0,0,sta,1038
64,64,16,16,8,128,64,27,27,1,1,1,1,0,0,0,0,dyn,1067
64,64,16,16,8,128,32,27,27,3,3,1,1,1,1,1,1,sta,2728
64,64,16,16,8,128,32,27,27,3,3,1,1,1,1,1,1,dyn,3049
64,64,16,16,8,256,64,27,27,1,1,1,1,0,0,0,0,sta,1806
64,64,16,16,8,256,64,27,27,1,1,1,1,0,0,0,0,dyn,1900
64,64,16,16,8,256,48,27,27,3,3,1,1,1,1,1,1,sta,7607
64,64,16,16,8,256,48,27,27,3,3,1,1,1,1,1,1,dyn,8754
64,64,16,16,8,128,576,27,27,1,1,1,1,0,0,0,0,sta,5168
64,64,16,16,8,128,576,27,27,1,1,1,1,0,0,0,0,dyn,5896
64,64,16,16,8,256,64,27,27,3,3,1,1,1,1,1,1,sta,10046
64,64,16,16,8,256,64,27,27,3,3,1,1,1,1,1,1,dyn,11519
64,64,16,16,8,128,768,13,13,1,1,1,1,0,0,0,0,sta,1915
64,64,16,16,8,128,768,13,13,1,1,1,1,0,0,0,0,dyn,2945
64,64,16,16,8,256,64,13,13,1,1,1,1,0,0,0,0,sta,654
64,64,16,16,8,256,64,13,13,1,1,1,1,0,0,0,0,dyn,748
64,64,16,16,8,256,64,13,13,3,3,1,1,1,1,1,1,sta,2728
64,64,16,16,8,256,64,13,13,3,3,1,1,1,1,1,1,dyn,4201
64,64,16,16,8,1024,768,13,13,1,1,1,1,0,0,0,0,sta,13299
64,64,16,16,8,1024,768,13,13,1,1,1,1,0,0,0,0,dyn,21401
32,32,16,16,8,64,8,224,224,3,3,2,2,0,0,0,0,sta,21509
32,32,16,16,8,64,8,224,224,3,3,2,2,0,0,0,0,dyn,21503
32,32,16,16,8,64,64,55,55,1,1,1,1,0,0,0,0,sta,4860
32,32,16,16,8,64,64,55,55,1,1,1,1,0,0,0,0,dyn,4855
32,32,16,16,8,64,32,55,55,1,1,1,1,0,0,0,0,sta,3233
32,32,16,16,8,64,32,55,55,1,1,1,1,0,0,0,0,dyn,3265
32,32,16,16,8,64,16,55,55,3,3,1,1,1,1,1,1,sta,10687
32,32,16,16,8,64,16,55,55,3,3,1,1,1,1,1,1,dyn,10707
32,32,16,16,8,64,192,55,55,1,1,1,1,0,0,0,0,sta,14185
32,32,16,16,8,64,192,55,55,1,1,1,1,0,0,0,0,dyn,14208
32,32,16,16,8,64,192,27,27,1,1,1,1,0,0,0,0,sta,3583
32,32,16,16,8,64,192,27,27,1,1,1,1,0,0,0,0,dyn,3609
32,32,16,16,8,64,384,13,13,1,1,1,1,0,0,0,0,sta,1965
32,32,16,16,8,64,384,13,13,1,1,1,1,0,0,0,0,dyn,2069
32,32,16,16,8,192,48,13,13,1,1,1,1,0,0,0,0,sta,862
32,32,16,16,8,192,48,13,13,1,1,1,1,0,0,0,0,dyn,874
32,32,16,16,8,192,48,13,13,3,3,1,1,1,1,1,1,sta,6161
32,32,16,16,8,192,48,13,13,3,3,1,1,1,1,1,1,dyn,6475
32,32,16,16,8,64,576,13,13,1,1,1,1,0,0,0,0,sta,2853
32,32,16,16,8,64,576,13,13,1,1,1,1,0,0,0,0,dyn,2967
32,64,16,16,8,64,8,224,224,3,3,2,2,0,0,0,0,sta,10075
32,64,16,16,8,64,8,224,224,3,3,2,2,0,0,0,0,dyn,10075
32,64,16,16,8,64,64,55,55,1,1,1,1,0,0,0,0,sta,2434
32,64,16,16,8,64,64,55,55,1,1,1,1,0,0,0,0,dyn,2434
32,64,16,16,8,64,32,55,55,1,1,1,1,0,0,0,0,sta,1792
32,64,16,16,8,64,32,55,55,1,1,1,1,0,0,0,0,dyn,1792
32,64,16,16,8,64,16,55,55,3,3,1,1,1,1,1,1,sta,5145
32,64,16,16,8,64,16,55,55,3,3,1,1,1,1,1,1,dyn,5144
32,64,16,16,8,64,192,55,55,1,1,1,1,0,0,0,0,sta,6771
32,64,16,16,8,64,192,55,55,1,1,1,1,0,0,0,0,dyn,6772
32,64,16,16,8,64,192,27,27,1,1,1,1,0,0,0,0,sta,1892
32,64,16,16,8,64,192,27,27,1,1,1,1,0,0,0,0,dyn,1893
32,64,16,16,8,64,384,13,13,1,1,1,1,0,0,0,0,sta,1079
32,64,16,16,8,64,384,13,13,1,1,1,1,0,0,0,0,dyn,1139
32,64,16,16,8,192,48,13,13,1,1,1,1,0,0,0,0,sta,571
32,64,16,16,8,192,48,13,13,1,1,1,1,0,0,0,0,dyn,571
32,64,16,16,8,192,48,13,13,3,3,1,1,1,1,1,1,sta,3010
32,64,16,16,8,192,48,13,13,3,3,1,1,1,1,1,1,dyn,3405
32,64,16,16,8,64,576,13,13,1,1,1,1,0,0,0,0,sta,1486
32,64,16,16,8,64,576,13,13,1,1,1,1,0,0,0,0,dyn,1633
32,96,16,16,8,64,8,224,224,3,3,2,2,0,0,0,0,sta,7269
32,96,16,16,8,64,8,224,224,3,3,2,2,0,0,0,0,dyn,7268
32,96,16,16,8,64,64,55,55,1,1,1,1,0,0,0,0,sta,1890
32,96,16,16,8,64,64,55,55,1,1,1,1,0,0,0,0,dyn,1890
32,96,16,16,8,64,32,55,55,1,1,1,1,0,0,0,0,sta,1836
32,96,16,16,8,64,32,55,55,1,1,1,1,0,0,0,0,dyn,1836
32,96,16,16,8,64,16,55,55,3,3,1,1,1,1,1,1,sta,3577
32,96,16,16,8,64,16,55,55,3,3,1,1,1,1,1,1,dyn,3578
32,96,16,16,8,64,192,55,55,1,1,1,1,0,0,0,0,sta,4956
32,96,16,16,8,64,192,55,55,1,1,1,1,0,0,0,0,dyn,4956
32,96,16,16,8,64,192,27,27,1,1,1,1,0,0,0,0,sta,1476
32,96,16,16,8,64,192,27,27,1,1,1,1,0,0,0,0,dyn,1476
32,96,16,16,8,64,384,13,13,1,1,1,1,0,0,0,0,sta,886
32,96,16,16,8,64,384,13,13,1,1,1,1,0,0,0,0,dyn,894
32,96,16,16,8,192,48,13,13,1,1,1,1,0,0,0,0,sta,598
32,96,16,16,8,192,48,13,13,1,1,1,1,0,0,0,0,dyn,598
32,96,16,16,8,192,48,13,13,3,3,1,1,1,1,1,1,sta,2154
32,96,16,16,8,192,48,13,13,3,3,1,1,1,1,1,1,dyn,2451
32,96,16,16,8,64,576,13,13,1,1,1,1,0,0,0,0,sta,1165
32,96,16,16,8,64,576,13,13,1,1,1,1,0,0,0,0,dyn,1224
32,32,16,16,8,64,8,224,224,3,3,1,1,1,1,1,1,sta,86766
32,32,16,16,8,64,8,224,224,3,3,1,1,1,1,1,1,dyn,86762
32,32,16,16,8,128,64,112,112,3,3,1,1,1,1,1,1,sta,346464
32,32,16,16,8,128,64,112,112,3,3,1,1,1,1,1,1,dyn,346743
32,32,16,16,8,256,128,56,56,3,3,1,1,1,1,1,1,sta,346463
32,32,16,16,8,256,128,56,56,3,3,1,1,1,1,1,1,dyn,347613
32,32,16,16,8,256,256,56,56,3,3,1,1,1,1,1,1,sta,692724
32,32,16,16,8,256,256,56,56,3,3,1,1,1,1,1,1,dyn,694997
32,32,16,16,8,512,256,28,28,3,3,1,1,1,1,1,1,sta,353525
32,32,16,16,8,512,256,28,28,3,3,1,1,1,1,1,1,dyn,358194
32,32,16,16,8,512,512,28,28,3,3,1,1,1,1,1,1,sta,706859
32,32,16,16,8,512,512,28,28,3,3,1,1,1,1,1,1,dyn,716101
32,32,16,16,8,512,512,14,14,3,3,1,1,1,1,1,1,sta,198067
32,32,16,16,8,512,512,14,14,3,3,1,1,1,1,1,1,dyn,207295
32,64,16,16,8,64,8,224,224,3,3,1,1,1,1,1,1,sta,40112
32,64,16,16,8,64,8,224,224,3,3,1,1,1,1,1,1,dyn,40111
32,64,16,16,8,128,64,112,112,3,3,1,1,1,1,1,1,sta,159648
32,64,16,16,8,128,64,112,112,3,3,1,1,1,1,1,1,dyn,159934
32,64,16,16,8,256,128,56,56,3,3,1,1,1,1,1,1,sta,159648
32,64,16,16,8,256,128,56,56,3,3,1,1,1,1,1,1,dyn,161054
32,64,16,16,8,256,256,56,56,3,3,1,1,1,1,1,1,sta,319031
32,64,16,16,8,256,256,56,56,3,3,1,1,1,1,1,1,dyn,321874
32,64,16,16,8,512,256,28,28,3,3,1,1,1,1,1,1,sta,169406
32,64,16,16,8,512,256,28,28,3,3,1,1,1,1,1,1,dyn,175084
32,64,16,16,8,512,512,28,28,3,3,1,1,1,1,1,1,sta,338547
32,64,16,16,8,512,512,28,28,3,3,1,1,1,1,1,1,dyn,349997
32,64,16,16,8,512,512,14,14,3,3,1,1,1,1,1,1,sta,104352
32,64,16,16,8,512,512,14,14,3,3,1,1,1,1,1,1,dyn,115877
32,96,16,16,8,64,8,224,224,3,3,1,1,1,1,1,1,sta,26905
32,96,16,16,8,64,8,224,224,3,3,1,1,1,1,1,1,dyn,26905
32,96,16,16,8,128,64,112,112,3,3,1,1,1,1,1,1,sta,106851
32,96,16,16,8,128,64,112,112,3,3,1,1,1,1,1,1,dyn,107109
32,96,16,16,8,256,128,56,56,3,3,1,1,1,1,1,1,sta,107664
32,96,16,16,8,256,128,56,56,3,3,1,1,1,1,1,1,dyn,109036
32,96,16,16,8,256,256,56,56,3,3,1,1,1,1,1,1,sta,215003
32,96,16,16,8,256,256,56,56,3,3,1,1,1,1,1,1,dyn,217803
32,96,16,16,8,512,256,28,28,3,3,1,1,1,1,1,1,sta,117422
32,96,16,16,8,512,256,28,28,3,3,1,1,1,1,1,1,dyn,123067
32,96,16,16,8,512,512,28,28,3,3,1,1,1,1,1,1,sta,234519
32,96,16,16,8,512,512,28,28,3,3,1,1,1,1,1,1,dyn,245975
32,96,16,16,8,512,512,14,14,3,3,1,1,1,1,1,1,sta,78390
32,96,16,16,8,512,512,14,14,3,3,1,1,1,1,1,1,dyn,89808
64,64,16,16,8,128,8,224,224,3,3,1,1,1,1,1,1,sta,50452
64,64,16,16,8,128,8,224,224,3,3,1,1,1,1,1,1,dyn,50491
64,64,16,16,8,128,64,112,112,3,3,1,1,1,1,1,1,sta,79980
64,64,16,16,8,128,64,112,112,3,3,1,1,1,1,1,1,dyn,80713
64,64,16,16,8,256,128,56,56,3,3,1,1,1,1,1,1,sta,79980
64,64,16,16,8,256,128,56,56,3,3,1,1,1,1,1,1,dyn,83008
64,64,16,16,8,256,256,56,56,3,3,1,1,1,1,1,1,sta,159671
64,64,16,16,8,256,256,56,56,3,3,1,1,1,1,1,1,dyn,165806
64,64,16,16,8,512,256,28,28,3,3,1,1,1,1,1,1,sta,84859
64,64,16,16,8,512,256,28,28,3,3,1,1,1,1,1,1,dyn,97041
64,64,16,16,8,512,512,28,28,3,3,1,1,1,1,1,1,sta,169429
64,64,16,16,8,512,512,28,28,3,3,1,1,1,1,1,1,dyn,193892
64,64,16,16,8,512,512,14,14,3,3,1,1,1,1,1,1,sta,52332
64,64,16,16,8,512,512,14,14,3,3,1,1,1,1,1,1,dyn,76873
32,32,16,16,8,64,64,224,224,3,3,1,1,1,1,1,1,sta,692724
32,32,16,16,8,64,64,224,224,3,3,1,1,1,1,1,1,dyn,692838
32,32,16,16,8,128,128,112,112,3,3,1,1,1,1,1,1,sta,692722
32,32,16,16,8,128,128,112,112,3,3,1,1,1,1,1,1,dyn,693272
32,64,16,16,8,64,64,224,224,3,3,1,1,1,1,1,1,sta,319031
32,64,16,16,8,64,64,224,224,3,3,1,1,1,1,1,1,dyn,319210
32,64,16,16,8,128,128,112,112,3,3,1,1,1,1,1,1,sta,319031
32,64,16,16,8,128,128,112,112,3,3,1,1,1,1,1,1,dyn,319690
32,96,16,16,8,64,64,224,224,3,3,1,1,1,1,1,1,sta,212970
32,96,16,16,8,64,64,224,224,3,3,1,1,1,1,1,1,dyn,213056
32,96,16,16,8,128,128,112,112,3,3,1,1,1,1,1,1,sta,213377
32,96,16,16,8,128,128,112,112,3,3,1,1,1,1,1,1,dyn,214004
64,64,16,16,8,128,64,224,224,3,3,1,1,1,1,1,1,sta,319054
64,64,16,16,8,128,64,224,224,3,3,1,1,1,1,1,1,dyn,319747
64,64,16,16,8,128,128,112,112,3,3,1,1,1,1,1,1,sta,159671
64,64,16,16,8,128,128,112,112,3,3,1,1,1,1,1,1,dyn,161143
32,32,16,16,8,64,64,112,112,3,3,1,1,1,1,1,1,sta,173330
32,32,16,16,8,64,64,112,112,3,3,1,1,1,1,1,1,dyn,173444
32,32,16,16,8,128,64,112,112,3,3,2,2,1,1,1,1,sta,86768
32,32,16,16,8,128,64,112,112,3,3,2,2,1,1,1,1,dyn,87011
32,32,16,16,8,64,128,56,56,3,3,1,1,1,1,1,1,sta,86765
32,32,16,16,8,64,128,56,56,3,3,1,1,1,1,1,1,dyn,87094
32,32,16,16,8,128,576,56,56,1,1,1,1,0,0,0,0,sta,86766
32,32,16,16,8,128,576,56,56,1,1,1,1,0,0,0,0,dyn,87041
32,32,16,16,8,128,80,28,28,3,3,1,1,1,1,1,1,sta,27804
32,32,16,16,8,128,80,28,28,3,3,1,1,1,1,1,1,dyn,28157
32,32,16,16,8,256,656,28,28,1,1,1,1,0,0,0,0,sta,50506
32,32,16,16,8,256,656,28,28,1,1,1,1,0,0,0,0,dyn,51125
32,32,16,16,8,128,256,14,14,3,3,1,1,1,1,1,1,sta,24930
32,32,16,16,8,128,256,14,14,3,3,1,1,1,1,1,1,dyn,26091
32,32,16,16,8,128,96,14,14,3,3,1,1,1,1,1,1,sta,9469
32,32,16,16,8,128,96,14,14,3,3,1,1,1,1,1,1,dyn,9887
32,32,16,16,8,384,992,14,14,1,1,1,1,0,0,0,0,sta,32150
32,32,16,16,8,384,992,14,14,1,1,1,1,0,0,0,0,dyn,33613
32,32,16,16,8,128,384,7,7,3,3,1,1,1,1,1,1,sta,10794
32,32,16,16,8,128,384,7,7,3,3,1,1,1,1,1,1,dyn,12541
32,32,16,16,8,128,112,7,7,3,3,1,1,1,1,1,1,sta,3292
32,32,16,16,8,128,112,7,7,3,3,1,1,1,1,1,1,dyn,3773
32,32,16,16,8,512,1328,7,7,1,1,1,1,0,0,0,0,sta,16486
32,32,16,16,8,512,1328,7,7,1,1,1,1,0,0,0,0,dyn,19177
32,64,16,16,8,64,64,112,112,3,3,1,1,1,1,1,1,sta,79957
32,64,16,16,8,64,64,112,112,3,3,1,1,1,1,1,1,dyn,80155
32,64,16,16,8,128,64,112,112,3,3,2,2,1,1,1,1,sta,40111
32,64,16,16,8,128,64,112,112,3,3,2,2,1,1,1,1,dyn,40464
32,64,16,16,8,64,128,56,56,3,3,1,1,1,1,1,1,sta,40111
32,64,16,16,8,64,128,56,56,3,3,1,1,1,1,1,1,dyn,40398
32,64,16,16,8,128,576,56,56,1,1,1,1,0,0,0,0,sta,40111
32,64,16,16,8,128,576,56,56,1,1,1,1,0,0,0,0,dyn,40483
32,64,16,16,8,128,80,28,28,3,3,1,1,1,1,1,1,sta,13480
32,64,16,16,8,128,80,28,28,3,3,1,1,1,1,1,1,dyn,13857
32,64,16,16,8,256,656,28,28,1,1,1,1,0,0,0,0,sta,24345
32,64,16,16,8,256,656,28,28,1,1,1,1,0,0,0,0,dyn,25097
32,64,16,16,8,128,256,14,14,3,3,1,1,1,1,1,1,sta,13277
32,64,16,16,8,128,256,14,14,3,3,1,1,1,1,1,1,dyn,14649
32,64,16,16,8,128,96,14,14,3,3,1,1,1,1,1,1,sta,5145
32,64,16,16,8,128,96,14,14,3,3,1,1,1,1,1,1,dyn,5637
32,64,16,16,8,384,992,14,14,1,1,1,1,0,0,0,0,sta,17071
32,64,16,16,8,384,992,14,14,1,1,1,1,0,0,0,0,dyn,18950
32,64,16,16,8,128,384,7,7,3,3,1,1,1,1,1,1,sta,5145
32,64,16,16,8,128,384,7,7,3,3,1,1,1,1,1,1,dyn,7260
32,64,16,16,8,128,112,7,7,3,3,1,1,1,1,1,1,sta,1689
32,64,16,16,8,128,112,7,7,3,3,1,1,1,1,1,1,dyn,2264
32,64,16,16,8,512,1328,7,7,1,1,1,1,0,0,0,0,sta,7765
32,64,16,16,8,512,1328,7,7,1,1,1,1,0,0,0,0,dyn,11086
32,96,16,16,8,64,64,112,112,3,3,1,1,1,1,1,1,sta,53588
32,96,16,16,8,64,64,112,112,3,3,1,1,1,1,1,1,dyn,53723
32,96,16,16,8,128,64,112,112,3,3,2,2,1,1,1,1,sta,27160
32,96,16,16,8,128,64,112,112,3,3,2,2,1,1,1,1,dyn,27473
32,96,16,16,8,64,128,56,56,3,3,1,1,1,1,1,1,sta,27160
32,96,16,16,8,64,128,56,56,3,3,1,1,1,1,1,1,dyn,27414
32,96,16,16,8,128,576,56,56,1,1,1,1,0,0,0,0,sta,27178
32,96,16,16,8,128,576,56,56,1,1,1,1,0,0,0,0,dyn,27452
32,96,16,16,8,128,80,28,28,3,3,1,1,1,1,1,1,sta,9473
32,96,16,16,8,128,80,28,28,3,3,1,1,1,1,1,1,dyn,9825
32,96,16,16,8,256,656,28,28,1,1,1,1,0,0,0,0,sta,17016
32,96,16,16,8,256,656,28,28,1,1,1,1,0,0,0,0,dyn,17763
32,96,16,16,8,128,256,14,14,3,3,1,1,1,1,1,1,sta,10083
32,96,16,16,8,128,256,14,14,3,3,1,1,1,1,1,1,dyn,11461
32,96,16,16,8,128,96,14,14,3,3,1,1,1,1,1,1,sta,3984
32,96,16,16,8,128,96,14,14,3,3,1,1,1,1,1,1,dyn,4444
32,96,16,16,8,384,992,14,14,1,1,1,1,0,0,0,0,sta,12966
32,96,16,16,8,384,992,14,14,1,1,1,1,0,0,0,0,dyn,14696
32,96,16,16,8,128,384,7,7,3,3,1,1,1,1,1,1,sta,5204
32,96,16,16,8,128,384,7,7,3,3,1,1,1,1,1,1,dyn,7321
32,96,16,16,8,128,112,7,7,3,3,1,1,1,1,1,1,sta,1748
32,96,16,16,8,128,112,7,7,3,3,1,1,1,1,1,1,dyn,2292
32,96,16,16,8,512,1328,7,7,1,1,1,1,0,0,0,0,sta,7824
32,96,16,16,8,512,1328,7,7,1,1,1,1,0,0,0,0,dyn,11074
64,64,16,16,8,128,64,112,112,3,3,2,2,1,1,1,1,sta,20211
64,64,16,16,8,128,64,112,112,3,3,2,2,1,1,1,1,dyn,20906
64,64,16,16,8,128,128,56,56,3,3,1,1,1,1,1,1,sta,40134
64,64,16,16,8,128,128,56,56,3,3,1,1,1,1,1,1,dyn,41614
64,64,16,16,8,128,576,56,56,1,1,1,1,0,0,0,0,sta,20212
64,64,16,16,8,128,576,56,56,1,1,1,1,0,0,0,0,dyn,20906
64,64,16,16,8,128,80,28,28,3,3,1,1,1,1,1,1,sta,6896
64,64,16,16,8,128,80,28,28,3,3,1,1,1,1,1,1,dyn,7775
64,64,16,16,8,256,656,28,28,1,1,1,1,0,0,0,0,sta,12328
64,64,16,16,8,256,656,28,28,1,1,1,1,0,0,0,0,dyn,14010
64,64,16,16,8,128,256,14,14,3,3,1,1,1,1,1,1,sta,6794
64,64,16,16,8,128,256,14,14,3,3,1,1,1,1,1,1,dyn,9789
64,64,16,16,8,128,96,14,14,3,3,1,1,1,1,1,1,sta,2728
64,64,16,16,8,128,96,14,14,3,3,1,1,1,1,1,1,dyn,3875
64,64,16,16,8,384,992,14,14,1,1,1,1,0,0,0,0,sta,8692
64,64,16,16,8,384,992,14,14,1,1,1,1,0,0,0,0,dyn,12601
64,64,16,16,8,128,384,7,7,3,3,1,1,1,1,1,1,sta,2728
64,64,16,16,8,128,384,7,7,3,3,1,1,1,1,1,1,dyn,7285
64,64,16,16,8,128,112,7,7,3,3,1,1,1,1,1,1,sta,1000
64,64,16,16,8,128,112,7,7,3,3,1,1,1,1,1,1,dyn,2297
64,64,16,16,8,512,1328,7,7,1,1,1,1,0,0,0,0,sta,4038
64,64,16,16,8,512,1328,7,7,1,1,1,1,0,0,0,0,dyn,11035
64,64,16,16,8,128,8,224,224,3,3,2,2,0,0,0,0,sta,12627
64,64,16,16,8,128,8,224,224,3,3,2,2,0,0,0,0,dyn,12670
64,64,16,16,8,128,64,55,55,1,1,1,1,0,0,0,0,sta,3342
64,64,16,16,8,128,64,55,55,1,1,1,1,0,0,0,0,dyn,3372
64,64,16,16,8,128,16,55,55,3,3,1,1,1,1,1,1,sta,5167
64,64,16,16,8,128,16,55,55,3,3,1,1,1,1,1,1,dyn,5301
64,64,16,16,8,128,192,55,55,1,1,1,1,0,0,0,0,sta,6794
64,64,16,16,8,128,192,55,55,1,1,1,1,0,0,0,0,dyn,6991
64,64,16,16,8,128,192,27,27,1,1,1,1,0,0,0,0,sta,1915
64,64,16,16,8,128,192,27,27,1,1,1,1,0,0,0,0,dyn,2110
64,64,16,16,8,128,384,13,13,1,1,1,1,0,0,0,0,sta,1102
64,64,16,16,8,128,384,13,13,1,1,1,1,0,0,0,0,dyn,1547
64,64,16,16,8,256,48,13,13,3,3,1,1,1,1,1,1,sta,2118
64,64,16,16,8,256,48,13,13,3,3,1,1,1,1,1,1,dyn,3216
64,64,16,16,8,128,576,13,13,1,1,1,1,0,0,0,0,sta,1508
64,64,16,16,8,128,576,13,13,1,1,1,1,0,0,0,0,dyn,2257
